institution,TotalIssuesAssigned,ResolutionRate,ResolvedCount,AvgDaysToResolution,MedianDaysToResolution,AvgDaysToFirstResponse,MedianDaysToFirstResponse,ServiceCenterLat,MinLat,MaxLat,GPSRecordCount,ServiceCenterLng,MinLng,MaxLng,DistrictsServedCount,DistrictsServedList,ImageResponseRate,AnonymousReportingRate,EfficiencyScore,PerformanceRanking,WorkloadCategory,ServiceAreaCoverage,ServiceAreaSpanLat,ServiceAreaSpanLng,InstitutionName
10 millió Fa Alapítvány,3,0.667,2,172.5,172.5,2.667,2.0,47.53,47.472,47.583,3,19.037,18.981,19.116,3,"['II. kerület', 'XI. kerület', 'IV. kerület']",0.0,1.0,45.7,35,Low,1.0,0.111,0.135,10 millió Fa Alapítvány
2Connect,68,0.676,46,137.239,54.5,15.735,3.0,47.493,47.445,47.564,68,19.058,18.994,19.178,13,"['XX. kerület', 'II. kerület', 'IX. kerület', 'XIV. kerület', 'XII. kerület', 'XI. kerület', 'VII. kerület', 'IV. kerület', 'VIII. kerület', 'X. kerület', 'I. kerület', 'XIII. kerület', 'XIX. kerület']",0.0,0.5,33.8,69,Medium,1.0,0.119,0.184,2Connect
AH Infrastruktúra Zrt.,6,0.167,1,46.0,46.0,29.333,7.0,47.5,47.482,47.518,6,19.049,19.025,19.069,5,"['IX. kerület', 'V. kerület', 'XI. kerület', 'XIII. kerület', 'I. kerület']",0.0,0.333,8.4,173,Low,1.0,0.036,0.044,AH Infrastruktúra Zrt.
ATEV Fehérjefeldolgozó Zrt.,26,0.308,8,27.125,14.5,26.273,7.0,47.507,47.45,47.57,26,19.038,18.932,19.225,9,"['XVII. kerület', 'II. kerület', 'XI. kerület', 'Unknown', 'VII. kerület', 'IX. kerület', 'XVIII. kerület', 'VIII. kerület', 'XIII. kerület']",0.0,0.654,18.3,151,Low,1.0,0.12,0.293,ATEV Fehérjefeldolgozó Zrt.
ATEV FehĂŠrjefeldolgozĂł Zrt.,1,0.0,0,,,1.0,1.0,47.434,47.434,47.434,1,19.071,19.071,19.071,1,['Csepel'],0.0,1.0,,999,Low,1.0,0.0,0.0,ATEV FehĂŠrjefeldolgozĂł Zrt.
AVIA Hungária Kft.,1,0.0,0,,,22.0,22.0,47.506,47.506,47.506,1,19.16,19.16,19.16,1,['X. kerület'],0.0,0.0,,999,Low,1.0,0.0,0.0,AVIA Hungária Kft.
Aldi,21,0.524,11,65.091,22.0,14.278,4.0,47.505,47.438,47.601,21,19.115,19.004,19.226,7,"['XI. kerület', 'XIX. kerület', 'XVII. kerület', 'XX. kerület', 'III. kerület', 'XIII. kerület', 'XIV. kerület']",0.0,0.571,26.2,105,Low,1.0,0.163,0.222,Aldi
Alza,1,1.0,1,4.0,4.0,,,47.597,47.597,47.597,1,19.058,19.058,19.058,1,['III. kerület'],0.0,0.0,,999,Low,1.0,0.0,0.0,Alza
Anantara New York Palace Budapest Hotel,1,0.0,0,,,44.0,44.0,47.498,47.498,47.498,1,19.071,19.071,19.071,1,['VII. kerület'],0.0,1.0,,999,Low,1.0,0.0,0.0,Anantara New York Palace Budapest Hotel
Auchan,13,0.769,10,68.1,22.5,13.462,12.0,47.496,47.411,47.561,13,19.099,19.046,19.163,4,"['Unknown', 'XXIII. kerület', 'X. kerület', 'III. kerület']",0.0,0.615,38.4,52,Low,1.0,0.15,0.117,Auchan
BDK Budapesti DÃ­sz-Ãés KÃzvilÃĄgÃ­tÃĄsi Kft.,1,0.0,0,,,13.0,13.0,47.501,47.501,47.501,1,18.984,18.984,18.984,1,['Unknown'],0.0,0.0,,999,Low,1.0,0.0,0.0,BDK Budapesti DÃ­sz-Ãés KÃzvilÃĄgÃ­tÃĄsi Kft.
BDK Budapesti Dísz-és Közvilágítási Kft.,1004,0.81,813,26.769,9.0,21.209,8.0,47.509,47.389,47.606,1004,19.075,18.942,19.283,24,"['II. kerület', 'XIX. kerület', 'XX. kerület', 'XIV. kerület', 'V. kerület', 'X. kerület', 'IV. kerület', 'XXII. kerület', 'XIII. kerület', 'XII. kerület', 'III. kerület', 'XI. kerület', 'IX. kerület', 'XV. kerület', 'Unknown', 'XVII. kerület', 'I. kerület', 'XVIII. kerület', 'VIII. kerület', 'XXI. kerület', 'VII. kerület', 'XVI. kerület', 'VI. kerület', 'XXIII. kerület']",0.0,0.429,43.7,36,Very High,1.0,0.217,0.341,BDK Budapesti Dísz-és Közvilágítási Kft.
BFKH Budapest FÅvÃĄros KormÃĄnyhivatala,1,0.0,0,,,21.0,21.0,47.469,47.469,47.469,1,19.091,19.091,19.091,1,['Unknown'],0.0,1.0,,999,Low,1.0,0.0,0.0,BFKH Budapest FÅvÃĄros KormÃĄnyhivatala
BFKH Budapest Főváros Kormányhivatala,69,0.087,6,70.833,66.0,54.984,41.0,47.5,47.41,47.588,69,19.073,19.011,19.244,20,"['X. kerület', 'IX. kerület', 'VI. kerület', 'VIII. kerület', 'III. kerület', 'I. kerület', 'II. kerület', 'XVI. kerület', 'XX. kerület', 'XIII. kerület', 'XI. kerület', 'VII. kerület', 'XVIII. kerület', 'IV. kerület', 'XIV. kerület', 'XII. kerület', 'Unknown', 'V. kerület', 'XVII. kerület', 'XXIII. kerület']",0.0,0.71,4.4,182,Medium,1.0,0.178,0.233,BFKH Budapest Főváros Kormányhivatala
BFKH III. Kerületi Hivatal Hatósági Osztály,3,0.333,1,32.0,32.0,11.0,14.0,47.558,47.539,47.592,3,19.04,19.033,19.052,1,['III. kerület'],0.0,0.333,16.7,157,Low,1.0,0.053,0.019,BFKH III. Kerületi Hivatal Hatósági Osztály
BFKH XI. Kerületi Hivatal Hatósági Osztály,1,0.0,0,,,6.0,6.0,47.46,47.46,47.46,1,19.026,19.026,19.026,1,['XI. kerület'],0.0,1.0,,999,Low,1.0,0.0,0.0,BFKH XI. Kerületi Hivatal Hatósági Osztály
BFVK Budapest Főváros Vagyonkezelő Központ Zrt.,1,0.0,0,,,9.0,9.0,47.484,47.484,47.484,1,19.12,19.12,19.12,1,['X. kerület'],0.0,1.0,,999,Low,1.0,0.0,0.0,BFVK Budapest Főváros Vagyonkezelő Központ Zrt.
BGYH Budapest Gyógyfürdői és Hévizei Zrt.,1,1.0,1,1.0,1.0,,,47.523,47.523,47.523,1,19.126,19.126,19.126,1,['XIV. kerület'],0.0,1.0,,999,Low,1.0,0.0,0.0,BGYH Budapest Gyógyfürdői és Hévizei Zrt.
BKK Budapesti KÃzlekedÃési KÃzpont,1,0.0,0,,,5.0,5.0,47.49,47.49,47.49,1,19.089,19.089,19.089,1,['Unknown'],0.0,1.0,,999,Low,1.0,0.0,0.0,BKK Budapesti KÃzlekedÃési KÃzpont
BKK Budapesti Közlekedési Központ,1118,0.492,550,82.549,38.0,29.338,30.0,47.497,47.399,47.604,1118,19.072,18.933,19.294,24,"['III. kerület', 'XXII. kerület', 'XXI. kerület', 'XIX. kerület', 'X. kerület', 'VIII. kerület', 'XI. kerület', 'I. kerület', 'XIV. kerület', 'XIII. kerület', 'IV. kerület', 'IX. kerület', 'XVII. kerület', 'II. kerület', 'XX. kerület', 'V. kerület', 'XV. kerület', 'Unknown', 'XII. kerület', 'XVIII. kerület', 'VI. kerület', 'VII. kerület', 'XVI. kerület', 'XXIII. kerület']",0.0,0.46,24.6,121,Very High,1.0,0.205,0.361,BKK Budapesti Közlekedési Központ
BKM Budapesti KÃzmÅvek,5,0.4,2,14.0,14.0,5.2,3.0,47.502,47.442,47.54,5,19.035,18.983,19.126,1,['Unknown'],0.0,0.6,41.1,40,Low,1.0,0.098,0.143,BKM Budapesti KÃzmÅvek
BKM Budapesti KÃ¶zmÅ±vek,1,0.0,0,,,5.0,5.0,47.518,47.518,47.518,1,18.971,18.971,18.971,1,['Unknown'],0.0,0.0,,999,Low,1.0,0.0,0.0,BKM Budapesti KÃ¶zmÅ±vek
BKM Budapesti Közművek,2950,0.666,1966,39.52,14.0,26.831,11.0,47.499,47.362,47.607,2950,19.066,18.949,19.324,24,"['XIII. kerület', 'IV. kerület', 'XIV. kerület', 'XXII. kerület', 'XI. kerület', 'Unknown', 'V. kerület', 'II. kerület', 'III. kerület', 'XXI. kerület', 'XII. kerület', 'I. kerület', 'VIII. kerület', 'XIX. kerület', 'IX. kerület', 'XX. kerület', 'X. kerület', 'VI. kerület', 'XVIII. kerület', 'XVII. kerület', 'XV. kerület', 'VII. kerület', 'XVI. kerület', 'XXIII. kerület']",0.0,0.617,33.3,73,Very High,1.0,0.245,0.375,BKM Budapesti Közművek
BKM Budapesti Közművek,1,0.0,0,,,43.0,43.0,47.508,47.508,47.508,1,19.18,19.18,19.18,1,['Unknown'],0.0,0.0,,999,Low,1.0,0.0,0.0,BKM Budapesti Közművek
BKM Budapesti KĂśzmĹvek,3,0.667,2,24.0,24.0,9.333,5.0,47.507,47.478,47.548,3,19.041,19.03,19.048,1,['Unknown'],0.0,1.0,39.4,48,Low,1.0,0.07,0.018,BKM Budapesti KĂśzmĹvek
BKM Budapesti Kรถzmลฑvek,1,1.0,1,27.0,27.0,19.0,19.0,47.446,47.446,47.446,1,19.126,19.126,19.126,1,['Unknown'],0.0,1.0,53.0,20,Low,1.0,0.0,0.0,BKM Budapesti Kรถzmลฑvek
BME Budapesti Műszaki és Gazdaságtudományi Egyetem,3,0.0,0,,,4.667,4.0,47.476,47.471,47.48,3,19.056,19.054,19.058,1,['XI. kerület'],0.0,1.0,,999,Low,1.0,0.009,0.004,BME Budapesti Műszaki és Gazdaságtudományi Egyetem
Becketts Ír Pub és Étterem,1,0.0,0,,,82.0,82.0,47.504,47.504,47.504,1,19.063,19.063,19.063,1,['VI. kerület'],0.0,1.0,,999,Low,1.0,0.0,0.0,Becketts Ír Pub és Étterem
Bercsényi Miklós Szakiskola és Kollégium,1,0.0,0,,,4.0,4.0,47.488,47.488,47.488,1,19.153,19.153,19.153,1,['X. kerület'],0.0,1.0,,999,Low,1.0,0.0,0.0,Bercsényi Miklós Szakiskola és Kollégium
Bethesda Gyermekkórház,1,0.0,0,,,41.0,41.0,47.518,47.518,47.518,1,19.089,19.089,19.089,1,['XIV. kerület'],0.0,0.0,,999,Low,1.0,0.0,0.0,Bethesda Gyermekkórház
Budagyöngye,5,0.0,0,,,63.0,41.0,47.516,47.516,47.516,5,19.0,19.0,19.0,1,['II. kerület'],0.0,1.0,,999,Low,1.0,0.0,0.0,Budagyöngye
Budai Tamás - egyéni vállalkozó,5,0.2,1,3.0,3.0,54.667,40.0,47.516,47.508,47.533,5,19.127,19.092,19.183,2,"['XIV. kerület', 'XVI. kerület']",0.0,0.6,37.0,58,Low,1.0,0.025,0.091,Budai Tamás - egyéni vállalkozó
Budapest Airport,4,0.25,1,18.0,18.0,45.667,41.0,47.433,47.432,47.433,4,19.262,19.261,19.264,2,"['XVIII. kerület', 'Unknown']",0.0,1.0,24.5,122,Low,1.0,0.001,0.003,Budapest Airport
Budapest Brand NZrt.,7,0.0,0,,,37.286,34.0,47.521,47.479,47.559,7,19.067,19.04,19.085,5,"['VIII. kerület', 'V. kerület', 'IV. kerület', 'XIII. kerület', 'XI. kerület']",0.0,0.571,,999,Low,1.0,0.08,0.045,Budapest Brand NZrt.
Budapest Film Zrt.,2,0.0,0,,,61.5,61.5,47.486,47.486,47.486,2,19.071,19.071,19.072,1,['VIII. kerület'],0.0,1.0,,999,Low,1.0,0.0,0.001,Budapest Film Zrt.
Budapest Főváros Önkormányzata,162,0.29,47,132.277,109.0,17.46,4.0,47.497,47.409,47.597,162,19.072,18.968,19.294,23,"['IX. kerület', 'XI. kerület', 'III. kerület', 'VII. kerület', 'VIII. kerület', 'X. kerület', 'XXI. kerület', 'I. kerület', 'V. kerület', 'XIII. kerület', 'II. kerület', 'XVII. kerület', 'IV. kerület', 'XIV. kerület', 'XII. kerület', 'XX. kerület', 'Unknown', 'XVIII. kerület', 'XXII. kerület', 'VI. kerület', 'XIX. kerület', 'XVI. kerület', 'XV. kerület']",0.0,0.623,14.5,162,Medium,1.0,0.188,0.326,Budapest Főváros Önkormányzata
Budapest Galéria,2,0.0,0,,,7.5,7.5,47.49,47.49,47.491,2,19.053,19.046,19.061,2,"['V. kerület', 'I. kerület']",0.0,0.5,,999,Low,1.0,0.001,0.015,Budapest Galéria
Budapest KÃzÃšt,9,0.222,2,5.0,5.0,11.778,3.0,47.47,47.397,47.517,9,19.078,19.016,19.194,2,"['Unknown', 'Csepel']",0.0,0.556,36.1,63,Low,1.0,0.12,0.178,Budapest KÃzÃšt
Budapest Közút,6139,0.453,2779,103.574,66.0,17.92,8.0,47.496,47.377,47.609,6139,19.076,18.93,19.314,25,"['X. kerület', 'II. kerület', 'XXII. kerület', 'VI. kerület', 'XII. kerület', 'XIV. kerület', 'XX. kerület', 'III. kerület', 'XXI. kerület', 'XIX. kerület', 'I. kerület', 'IX. kerület', 'XI. kerület', 'VIII. kerület', 'IV. kerület', 'XIII. kerület', 'VII. kerület', 'V. kerület', 'XXIII. kerület', 'Unknown', 'XV. kerület', 'XVIII. kerület', 'XVI. kerület', 'XVII. kerület', 'Kőbánya']",0.0,0.515,22.7,128,Very High,1.0,0.232,0.384,Budapest Közút
Budapest KĂśzĂşt,2,0.5,1,19.0,19.0,2.5,2.5,47.46,47.406,47.514,2,19.076,19.072,19.08,2,"['Unknown', 'Csepel']",0.0,1.0,48.9,31,Low,1.0,0.108,0.008,Budapest KĂśzĂşt
Budapest Kأ¶zأ؛t,1,0.0,0,,,9.0,9.0,47.446,47.446,47.446,1,19.147,19.147,19.147,1,['Kispest'],0.0,0.0,,999,Low,1.0,0.0,0.0,Budapest Kأ¶zأ؛t
Budapest Kรถzรบt,1,0.0,0,,,14.0,14.0,47.452,47.452,47.452,1,19.109,19.109,19.109,1,['Unknown'],0.0,0.0,,999,Low,1.0,0.0,0.0,Budapest Kรถzรบt
Budapest Vásárcsarnokai,4,0.5,2,174.0,174.0,47.0,47.0,47.477,47.464,47.493,4,19.049,19.033,19.073,3,"['XI. kerület', 'IX. kerület', 'VIII. kerület']",0.0,0.5,25.0,108,Low,1.0,0.029,0.04,Budapest Vásárcsarnokai
Budapesti Corvinus Egyetem,7,0.143,1,1.0,1.0,41.714,42.0,47.486,47.485,47.487,7,19.059,19.058,19.06,2,"['IX. kerület', 'Unknown']",0.0,0.714,36.2,62,Low,1.0,0.002,0.002,Budapesti Corvinus Egyetem
Budavári Játszótér üzemeltető Közhasznú Nonprofit Kft.,1,0.0,0,,,1.0,1.0,47.501,47.501,47.501,1,19.035,19.035,19.035,1,['I. kerület'],0.0,1.0,,999,Low,1.0,0.0,0.0,Budavári Játszótér üzemeltető Közhasznú Nonprofit Kft.
Budavári Kapu Kft.,2,0.5,1,40.0,40.0,21.0,21.0,47.504,47.5,47.508,2,19.037,19.035,19.038,1,['I. kerület'],0.0,0.5,25.0,108,Low,1.0,0.008,0.003,Budavári Kapu Kft.
Burger King,2,1.0,2,38.0,38.0,4.0,4.0,47.464,47.464,47.464,2,19.032,19.032,19.032,1,['XI. kerület'],0.0,0.0,58.6,18,Low,1.0,0.0,0.0,Burger King
Bálna,3,0.0,0,,,3.0,1.0,47.483,47.483,47.484,3,19.061,19.061,19.062,1,['IX. kerület'],0.0,0.667,,999,Low,1.0,0.001,0.001,Bálna
Békásmegyeri I. sz. Lakásszövetkezet,1,1.0,1,172.0,172.0,40.0,40.0,47.595,47.595,47.595,1,19.061,19.061,19.061,1,['III. kerület'],0.0,0.0,50.0,23,Low,1.0,0.0,0.0,Békásmegyeri I. sz. Lakásszövetkezet
Campona,4,0.0,0,,,46.333,40.0,47.406,47.405,47.407,4,19.016,19.014,19.016,1,['XXII. kerület'],0.0,0.75,,999,Low,1.0,0.002,0.002,Campona
Citadella Vagyonkezelő Nonprofit Kft.,1,0.0,0,,,1.0,1.0,47.486,47.486,47.486,1,19.046,19.046,19.046,1,['XI. kerület'],0.0,1.0,,999,Low,1.0,0.0,0.0,Citadella Vagyonkezelő Nonprofit Kft.
City Dekor Kft.,2,0.0,0,,,21.0,21.0,47.502,47.479,47.524,2,19.077,19.064,19.09,2,"['VIII. kerület', 'XIII. kerület']",0.0,0.0,,999,Low,1.0,0.045,0.026,City Dekor Kft.
Cordia,1,0.0,0,,,80.0,80.0,47.485,47.485,47.485,1,19.077,19.077,19.077,1,['VIII. kerület'],0.0,1.0,,999,Low,1.0,0.0,0.0,Cordia
Corvin Plaza,3,0.0,0,,,53.333,40.0,47.486,47.484,47.487,3,19.075,19.074,19.076,1,['VIII. kerület'],0.0,0.667,,999,Low,1.0,0.003,0.002,Corvin Plaza
Csepeli Ingatlanhasznosítási Nonprofit Kft.,1,0.0,0,,,18.0,18.0,47.408,47.408,47.408,1,19.073,19.073,19.073,1,['XXI. kerület'],0.0,1.0,,999,Low,1.0,0.0,0.0,Csepeli Ingatlanhasznosítási Nonprofit Kft.
Csillag Center,2,0.0,0,,,60.0,60.0,47.581,47.581,47.581,2,19.05,19.05,19.05,1,['III. kerület'],0.0,0.5,,999,Low,1.0,0.0,0.0,Csillag Center
Cédrus Vásárcsarnok és Piac,1,0.0,0,,,81.0,81.0,47.501,47.501,47.501,1,19.137,19.137,19.137,1,['X. kerület'],0.0,0.0,,999,Low,1.0,0.0,0.0,Cédrus Vásárcsarnok és Piac
D-Infrastruktúra Távközlési Kft.,27,0.815,22,78.318,43.0,17.407,4.0,47.506,47.464,47.58,27,19.096,18.984,19.227,11,"['VI. kerület', 'X. kerület', 'III. kerület', 'XIV. kerület', 'XVI. kerület', 'XI. kerület', 'IV. kerület', 'IX. kerület', 'XIII. kerület', 'XVIII. kerület', 'II. kerület']",0.0,0.741,40.8,42,Low,1.0,0.116,0.243,D-Infrastruktúra Távközlési Kft.
DBH - Díjbeszedő Holding Zrt.,1,1.0,1,383.0,383.0,2.0,2.0,47.464,47.464,47.464,1,19.033,19.033,19.033,1,['XI. kerület'],0.0,0.0,64.3,13,Low,1.0,0.0,0.0,DBH - Díjbeszedő Holding Zrt.
DIGI,21,0.762,16,77.375,43.0,11.474,1.0,47.499,47.423,47.589,21,19.04,18.94,19.178,10,"['XII. kerület', 'XX. kerület', 'XI. kerület', 'II. kerület', 'III. kerület', 'XVIII. kerület', 'IV. kerület', 'X. kerület', 'XXI. kerület', 'XIV. kerület']",0.0,0.286,38.1,53,Low,1.0,0.166,0.238,DIGI
DK - Demokratikus Koalíció,4,1.0,4,99.0,52.0,223.25,273.5,47.512,47.456,47.596,4,19.035,19.013,19.059,3,"['III. kerület', 'XI. kerület', 'II. kerület']",0.0,0.75,50.0,23,Low,1.0,0.14,0.046,DK - Demokratikus Koalíció
Derűs Alkony Gondozóház,1,0.0,0,,,40.0,40.0,47.599,47.599,47.599,1,19.064,19.064,19.064,1,['III. kerület'],0.0,0.0,,999,Low,1.0,0.0,0.0,Derűs Alkony Gondozóház
Duna Plaza,2,0.0,0,,,22.5,22.5,47.55,47.549,47.551,2,19.073,19.072,19.073,1,['XIII. kerület'],0.0,0.5,,999,Low,1.0,0.002,0.001,Duna Plaza
Duna-Ipoly Nemzeti Park,1,1.0,1,396.0,396.0,3.0,3.0,47.499,47.499,47.499,1,18.991,18.991,18.991,1,['XII. kerület'],0.0,1.0,61.4,17,Low,1.0,0.0,0.0,Duna-Ipoly Nemzeti Park
E.ON,292,0.24,70,107.1,61.0,18.958,3.0,47.497,47.39,47.603,292,19.084,18.94,19.295,23,"['X. kerület', 'III. kerület', 'II. kerület', 'XIV. kerület', 'VIII. kerület', 'IX. kerület', 'XIX. kerület', 'XX. kerület', 'XIII. kerület', 'IV. kerület', 'XI. kerület', 'Unknown', 'V. kerület', 'XVIII. kerület', 'XVII. kerület', 'XVI. kerület', 'VII. kerület', 'VI. kerület', 'I. kerület', 'XXIII. kerület', 'XII. kerület', 'XXI. kerület', 'XV. kerület']",0.0,0.486,12.0,167,High,1.0,0.213,0.355,E.ON
ELTE - Kőrösi Csoma Sándor Kollégium,1,1.0,1,368.0,368.0,63.0,63.0,47.471,47.471,47.471,1,19.02,19.02,19.02,1,['XI. kerület'],0.0,1.0,50.0,23,Low,1.0,0.0,0.0,ELTE - Kőrösi Csoma Sándor Kollégium
ELTE Eötvös Loránd Tudományegyetem,6,0.167,1,85.0,85.0,45.333,40.5,47.486,47.475,47.517,6,19.073,19.061,19.132,3,"['XI. kerület', 'VII. kerület', 'XIV. kerület']",0.0,0.667,8.4,173,Low,1.0,0.042,0.071,ELTE Eötvös Loránd Tudományegyetem
ERSTE BANK Hungary Zrt.,1,0.0,0,,,18.0,18.0,47.537,47.537,47.537,1,19.059,19.059,19.059,1,['XIII. kerület'],0.0,1.0,,999,Low,1.0,0.0,0.0,ERSTE BANK Hungary Zrt.
ESMA Reklám Zrt.,1,0.0,0,,,1.0,1.0,47.479,47.479,47.479,1,19.09,19.09,19.09,1,['VIII. kerület'],0.0,1.0,,999,Low,1.0,0.0,0.0,ESMA Reklám Zrt.
EgyÃéb illetÃékes,1,0.0,0,,,4.0,4.0,47.465,47.465,47.465,1,19.018,19.018,19.018,1,['Unknown'],0.0,1.0,,999,Low,1.0,0.0,0.0,EgyÃéb illetÃékes
Egyéb illetékes,527,0.364,192,74.047,45.5,26.722,9.0,47.502,47.378,47.609,527,19.081,18.953,19.309,24,"['XIV. kerület', 'IX. kerület', 'IV. kerület', 'II. kerület', 'XVI. kerület', 'X. kerület', 'VIII. kerület', 'XVII. kerület', 'XI. kerület', 'XIII. kerület', 'VI. kerület', 'V. kerület', 'XII. kerület', 'XV. kerület', 'XXII. kerület', 'III. kerület', 'VII. kerület', 'XXI. kerület', 'XIX. kerület', 'XVIII. kerület', 'I. kerület', 'XX. kerület', 'Unknown', 'XXIII. kerület']",0.0,0.639,18.2,152,Very High,1.0,0.231,0.356,Egyéb illetékes
EgyĂŠb illetĂŠkes,1,0.0,0,,,1.0,1.0,47.471,47.471,47.471,1,19.058,19.058,19.058,1,['Unknown'],0.0,1.0,,999,Low,1.0,0.0,0.0,EgyĂŠb illetĂŠkes
Erkel Színház,1,1.0,1,30.0,30.0,9.0,9.0,47.497,47.497,47.497,1,19.077,19.077,19.077,1,['VIII. kerület'],0.0,0.0,50.0,23,Low,1.0,0.0,0.0,Erkel Színház
Europeum Bevásárlóközpont,1,0.0,0,,,39.0,39.0,47.496,47.496,47.496,1,19.071,19.071,19.071,1,['VIII. kerület'],0.0,1.0,,999,Low,1.0,0.0,0.0,Europeum Bevásárlóközpont
FCSM FÅvÃĄrosi CsatornÃĄzÃĄsi MÅvek,1,1.0,1,22.0,22.0,22.0,22.0,47.594,47.594,47.594,1,19.067,19.067,19.067,1,['Unknown'],0.0,1.0,58.0,19,Low,1.0,0.0,0.0,FCSM FÅvÃĄrosi CsatornÃĄzÃĄsi MÅvek
FCSM Fővárosi Csatornázási Művek,618,0.788,487,32.326,21.0,26.629,18.0,47.498,47.388,47.606,618,19.08,18.952,19.279,24,"['X. kerület', 'XXI. kerület', 'XIV. kerület', 'III. kerület', 'XX. kerület', 'XII. kerület', 'IX. kerület', 'II. kerület', 'XI. kerület', 'VIII. kerület', 'I. kerület', 'XIX. kerület', 'V. kerület', 'XIII. kerület', 'XXIII. kerület', 'Unknown', 'XXII. kerület', 'IV. kerület', 'XVIII. kerület', 'XVI. kerület', 'XVII. kerület', 'XV. kerület', 'VII. kerület', 'VI. kerület']",0.0,0.539,39.4,48,Very High,1.0,0.218,0.327,FCSM Fővárosi Csatornázási Művek
Fidesz - Magyar Polgári Szövetség,7,0.143,1,6.0,6.0,124.429,80.0,47.513,47.425,47.596,7,19.074,19.017,19.125,6,"['II. kerület', 'III. kerület', 'VIII. kerület', 'XX. kerület', 'XXI. kerület', 'XIII. kerület']",0.0,0.571,31.2,78,Low,1.0,0.171,0.108,Fidesz - Magyar Polgári Szövetség
FÖRI Fővárosi Önkormányzati Rendészet,117,0.615,72,61.319,28.0,20.447,20.0,47.495,47.419,47.576,117,19.075,19.001,19.178,14,"['X. kerület', 'VI. kerület', 'XIV. kerület', 'IX. kerület', 'VII. kerület', 'Unknown', 'V. kerület', 'II. kerület', 'VIII. kerület', 'I. kerület', 'III. kerület', 'XIII. kerület', 'XXII. kerület', 'XI. kerület']",0.0,0.667,30.8,80,Medium,1.0,0.157,0.177,FÖRI Fővárosi Önkormányzati Rendészet
Fővárosi Katasztrófavédelmi Igazgatóság,5,0.8,4,30.5,18.5,22.5,2.5,47.537,47.481,47.592,5,19.068,18.959,19.191,4,"['VIII. kerület', 'III. kerület', 'XVI. kerület', 'II. kerület']",0.0,0.8,40.0,46,Low,1.0,0.111,0.232,Fővárosi Katasztrófavédelmi Igazgatóság
Fővárosi Vízművek,492,0.872,429,23.839,16.0,20.078,16.0,47.493,47.383,47.602,492,19.074,18.936,19.296,24,"['VI. kerület', 'XII. kerület', 'II. kerület', 'XIV. kerület', 'XXI. kerület', 'XXII. kerület', 'XVI. kerület', 'XI. kerület', 'VII. kerület', 'XIII. kerület', 'XX. kerület', 'VIII. kerület', 'III. kerület', 'IV. kerület', 'IX. kerület', 'X. kerület', 'I. kerület', 'XXIII. kerület', 'XVIII. kerület', 'XVII. kerület', 'XIX. kerület', 'V. kerület', 'XV. kerület', 'Unknown']",0.0,0.516,49.8,30,High,1.0,0.219,0.36,Fővárosi Vízművek
Fővárosi Állat- és Növénykert,2,0.5,1,48.0,48.0,25.0,25.0,47.518,47.517,47.519,2,19.078,19.075,19.082,1,['XIV. kerület'],0.0,1.0,25.0,108,Low,1.0,0.002,0.007,Fővárosi Állat- és Növénykert
GOBUDA Mall,5,0.4,2,277.0,277.0,57.2,41.0,47.546,47.546,47.546,5,19.029,19.028,19.029,1,['III. kerület'],0.0,0.0,20.0,141,Low,1.0,0.0,0.001,GOBUDA Mall
HWR-Telecom,2,0.0,0,,,0.0,0.0,47.521,47.515,47.528,2,19.161,19.133,19.19,2,"['XVI. kerület', 'XIV. kerület']",0.0,1.0,,999,Low,1.0,0.013,0.057,HWR-Telecom
Hermina Residence,1,1.0,1,161.0,161.0,7.0,7.0,47.522,47.522,47.522,1,19.102,19.102,19.102,1,['XIV. kerület'],0.0,0.0,50.0,23,Low,1.0,0.0,0.0,Hermina Residence
Hesse Trade Kft.,4,0.5,2,91.5,91.5,42.0,41.0,47.45,47.423,47.499,4,19.116,19.047,19.219,4,"['XVIII. kerület', 'V. kerület', 'XIX. kerület', 'Csepel']",0.0,0.5,25.0,108,Low,1.0,0.076,0.172,Hesse Trade Kft.
Hotel Budapest,1,0.0,0,,,8.0,8.0,47.51,47.51,47.51,1,19.013,19.013,19.013,1,['II. kerület'],0.0,1.0,,999,Low,1.0,0.0,0.0,Hotel Budapest
I. kerület Budavár Önkormányzata,239,0.347,83,82.422,57.0,30.188,12.0,47.5,47.486,47.508,239,19.034,19.024,19.258,3,"['I. kerület', 'II. kerület', 'XVII. kerület']",0.0,0.653,17.3,156,High,1.0,0.022,0.234,I. kerület Budavár Önkormányzata
I. kerület Budavári Rendészet,46,0.391,18,44.333,43.0,34.488,40.0,47.498,47.489,47.508,46,19.035,19.024,19.046,1,['I. kerület'],0.0,0.543,19.6,145,Low,1.0,0.019,0.022,I. kerület Budavári Rendészet
II. Kerületi Rendőrkapitányság,5,0.2,1,293.0,293.0,43.0,40.0,47.53,47.508,47.571,5,18.995,18.932,19.037,1,['II. kerület'],0.0,0.8,10.0,171,Low,1.0,0.063,0.105,II. Kerületi Rendőrkapitányság
II. kerÃület KÃzterÃület-felÃügyeleti Csoport,1,0.0,0,,,1.0,1.0,47.564,47.564,47.564,1,18.956,18.956,18.956,1,['Unknown'],0.0,1.0,,999,Low,1.0,0.0,0.0,II. kerÃület KÃzterÃület-felÃügyeleti Csoport
II. kerÃület ÃnkormÃĄnyzata,3,0.0,0,,,11.667,6.0,47.526,47.522,47.531,3,19.0,18.978,19.025,1,['Unknown'],0.0,0.667,,999,Low,1.0,0.009,0.047,II. kerÃület ÃnkormÃĄnyzata
II. kerület Közterület-felügyeleti Csoport,175,0.594,104,47.423,37.0,23.294,4.0,47.524,47.506,47.57,175,19.005,18.937,19.04,2,"['II. kerület', 'I. kerület']",0.0,0.8,29.7,87,Medium,1.0,0.064,0.103,II. kerület Közterület-felügyeleti Csoport
II. kerület Önkormányzata,821,0.417,342,59.524,39.5,20.651,3.0,47.525,47.432,47.574,821,19.002,18.929,19.141,3,"['II. kerület', 'I. kerület', 'XX. kerület']",0.001,0.657,20.8,136,Very High,1.0,0.142,0.212,II. kerület Önkormányzata
II. kerület Önkormányzata,1,0.0,0,,,3.0,3.0,47.529,47.529,47.529,1,19.003,19.003,19.003,1,['Unknown'],0.0,0.0,,999,Low,1.0,0.0,0.0,II. kerület Önkormányzata
III. Kerületi Rendőrkapitányság,3,0.0,0,,,48.0,48.0,47.563,47.542,47.603,3,19.045,19.037,19.058,1,['III. kerület'],0.0,1.0,,999,Low,1.0,0.061,0.021,III. Kerületi Rendőrkapitányság
III. kerület Békásmegyeri Piac Kft.,14,0.643,9,25.0,5.0,8.154,2.0,47.598,47.598,47.599,14,19.057,19.056,19.058,1,['III. kerület'],0.0,0.214,37.2,56,Low,1.0,0.001,0.002,III. kerület Békásmegyeri Piac Kft.
III. kerület OVZRT Óbudai Vagyonkezelő NZrt.,68,0.118,8,41.0,29.5,31.962,18.0,47.576,47.53,47.608,68,19.049,19.003,19.07,1,['III. kerület'],0.0,0.559,5.9,180,Medium,1.0,0.078,0.067,III. kerület OVZRT Óbudai Vagyonkezelő NZrt.
III. kerület ÓBKF Óbuda-Békásmegyer Közterület-felügyelet,1763,0.378,667,77.887,48.5,31.647,20.0,47.573,47.498,47.61,1763,19.047,18.99,19.073,4,"['III. kerület', 'II. kerület', 'XIII. kerület', 'I. kerület']",0.0,0.459,18.9,147,Very High,1.0,0.112,0.083,III. kerület ÓBKF Óbuda-Békásmegyer Közterület-felügyelet
III. kerület Óbuda-Békásmegyer Városfejlesztő NKft.,46,0.217,10,63.7,37.5,16.13,9.0,47.574,47.534,47.605,46,19.047,19.008,19.065,1,['III. kerület'],0.0,0.348,10.8,169,Low,1.0,0.071,0.057,III. kerület Óbuda-Békásmegyer Városfejlesztő NKft.
III. kerület Óbuda-Békásmegyer Önkormányzata,38,0.105,4,28.5,11.0,24.543,15.0,47.559,47.529,47.604,38,19.04,19.005,19.066,1,['III. kerület'],0.0,0.474,6.8,179,Low,1.0,0.075,0.061,III. kerület Óbuda-Békásmegyer Önkormányzata
III. kerület Óbudai Parkolási Nonprofit Kft.,11,0.091,1,135.0,135.0,1.636,1.0,47.549,47.532,47.602,11,19.041,19.029,19.06,1,['III. kerület'],0.0,0.545,19.9,144,Low,1.0,0.07,0.031,III. kerület Óbudai Parkolási Nonprofit Kft.
III. kerĂźlet OVZRT Ăbudai VagyonkezelĹ NZrt.,1,0.0,0,,,22.0,22.0,47.53,47.53,47.53,1,19.04,19.04,19.04,1,['Unknown'],0.0,0.0,,999,Low,1.0,0.0,0.0,III. kerĂźlet OVZRT Ăbudai VagyonkezelĹ NZrt.
III. kerĂźlet ĂBKF Ăbuda-BĂŠkĂĄsmegyer KĂśzterĂźlet-felĂźgyelet,1,0.0,0,,,13.0,13.0,47.559,47.559,47.559,1,19.053,19.053,19.053,1,['Unknown'],0.0,0.0,,999,Low,1.0,0.0,0.0,III. kerĂźlet ĂBKF Ăbuda-BĂŠkĂĄsmegyer KĂśzterĂźlet-felĂźgyelet
IKEA,3,0.0,0,,,52.0,3.0,47.474,47.41,47.505,3,19.147,19.138,19.163,2,"['XIV. kerület', 'XXIII. kerület']",0.0,0.333,,999,Low,1.0,0.095,0.025,IKEA
IV. kerület Újpest Önkormányzata,359,0.485,174,53.231,28.0,11.704,4.0,47.568,47.545,47.609,359,19.098,19.072,19.12,2,"['IV. kerület', 'XIII. kerület']",0.003,0.657,24.2,124,High,1.0,0.064,0.048,IV. kerület Újpest Önkormányzata
IV. kerület Újpesti Önkormányzati Rendészet,126,0.643,81,92.963,77.0,57.644,40.0,47.565,47.535,47.598,126,19.096,19.04,19.121,3,"['IV. kerület', 'III. kerület', 'XIII. kerület']",0.0,0.794,32.2,75,Medium,1.0,0.063,0.081,IV. kerület Újpesti Önkormányzati Rendészet
IV. kerГјlet Гљjpest Г–nkormГЎnyzata,1,0.0,0,,,4.0,4.0,47.611,47.611,47.611,1,19.108,19.108,19.108,1,['Unknown'],0.0,0.0,,999,Low,1.0,0.0,0.0,IV. kerГјlet Гљjpest Г–nkormГЎnyzata
IX. kerÃület - FESZOFE Nonprofit Kft.,2,0.0,0,,,5.0,5.0,47.46,47.445,47.476,2,19.084,19.069,19.098,1,['Unknown'],0.0,1.0,,999,Low,1.0,0.031,0.029,IX. kerÃület - FESZOFE Nonprofit Kft.
IX. kerület - FESZOFE Nonprofit Kft.,115,0.704,81,49.272,39.0,26.364,8.0,47.475,47.444,47.489,115,19.081,19.06,19.123,1,['IX. kerület'],0.0,0.835,35.2,65,Medium,1.0,0.045,0.063,IX. kerület - FESZOFE Nonprofit Kft.
IX. kerület - FEV IX Zrt. Ferencvárosi Parkolási Igazgatóság,1,1.0,1,4.0,4.0,1.0,1.0,47.485,47.485,47.485,1,19.073,19.073,19.073,1,['VIII. kerület'],0.0,1.0,93.1,3,Low,1.0,0.0,0.0,IX. kerület - FEV IX Zrt. Ferencvárosi Parkolási Igazgatóság
IX. kerület Ferencváros Önkormányzata,309,0.356,110,94.445,56.5,24.275,10.0,47.475,47.444,47.489,309,19.08,19.058,19.12,2,"['IX. kerület', 'X. kerület']",0.0,0.667,17.8,155,High,1.0,0.045,0.062,IX. kerület Ferencváros Önkormányzata
IX. kerület Ferencvárosi Közterület-felügyelet,100,0.81,81,66.309,51.0,13.765,11.0,47.473,47.449,47.488,100,19.088,19.059,19.125,2,"['IX. kerület', 'VIII. kerület']",0.0,0.61,40.5,43,Medium,1.0,0.039,0.066,IX. kerület Ferencvárosi Közterület-felügyelet
IX. kerĂĽlet FerencvĂˇros Ă–nkormĂˇnyzata,1,0.0,0,,,5.0,5.0,47.477,47.477,47.477,1,19.082,19.082,19.082,1,['Unknown'],0.0,1.0,,999,Low,1.0,0.0,0.0,IX. kerĂĽlet FerencvĂˇros Ă–nkormĂˇnyzata
Infopark,2,0.5,1,7.0,7.0,42.5,42.5,47.471,47.47,47.472,2,19.058,19.057,19.059,1,['XI. kerület'],0.0,0.5,48.0,32,Low,1.0,0.002,0.002,Infopark
Invitech,65,0.738,48,50.271,21.0,12.547,4.0,47.502,47.417,47.562,65,19.059,18.998,19.178,13,"['XIII. kerület', 'II. kerület', 'XIV. kerület', 'V. kerület', 'III. kerület', 'I. kerület', 'XIX. kerület', 'X. kerület', 'XI. kerület', 'XII. kerület', 'IX. kerület', 'VI. kerület', 'XXI. kerület']",0.0,0.569,36.9,60,Medium,1.0,0.145,0.18,Invitech
JCDecaux,325,0.837,272,61.46,36.5,50.571,37.0,47.501,47.409,47.603,325,19.078,18.949,19.23,23,"['VIII. kerület', 'III. kerület', 'XI. kerület', 'XIV. kerület', 'V. kerület', 'X. kerület', 'I. kerület', 'IX. kerület', 'XII. kerület', 'XVIII. kerület', 'XXII. kerület', 'XXI. kerület', 'IV. kerület', 'II. kerület', 'XIII. kerület', 'XX. kerület', 'VII. kerület', 'VI. kerület', 'Unknown', 'XIX. kerület', 'XVI. kerület', 'XVII. kerület', 'XV. kerület']",0.0,0.415,41.8,37,High,1.0,0.194,0.281,JCDecaux
KDVVIZIG Közép-Duna-völgyi Vízügyi Igazgatóság,21,0.048,1,24.0,24.0,31.105,16.0,47.494,47.409,47.59,21,19.061,19.045,19.101,6,"['III. kerület', 'V. kerület', 'XI. kerület', 'XIII. kerület', 'IV. kerület', 'XXI. kerület']",0.0,0.667,8.4,173,Low,1.0,0.181,0.056,KDVVIZIG Közép-Duna-völgyi Vízügyi Igazgatóság
KFC,2,0.5,1,65.0,65.0,22.0,22.0,47.55,47.55,47.551,2,19.043,19.043,19.043,1,['III. kerület'],0.0,0.0,25.0,108,Low,1.0,0.001,0.0,KFC
Komposztfórum,1,0.0,0,,,9.0,9.0,47.518,47.518,47.518,1,19.038,19.038,19.038,1,['II. kerület'],0.0,1.0,,999,Low,1.0,0.0,0.0,Komposztfórum
KÖKI Terminál,4,0.0,0,,,44.5,44.0,47.463,47.462,47.464,4,19.149,19.148,19.149,1,['XIX. kerület'],0.0,0.75,,999,Low,1.0,0.002,0.001,KÖKI Terminál
Kínai-Magyar Vasúti Nonprofit Zrt.,1,0.0,0,,,97.0,97.0,47.455,47.455,47.455,1,19.086,19.086,19.086,1,['IX. kerület'],0.0,1.0,,999,Low,1.0,0.0,0.0,Kínai-Magyar Vasúti Nonprofit Zrt.
Közlekedési Múzeum,1,0.0,0,,,2.0,2.0,47.466,47.466,47.466,1,19.022,19.022,19.022,1,['XI. kerület'],0.0,1.0,,999,Low,1.0,0.0,0.0,Közlekedési Múzeum
Legenda Kft.,1,0.0,0,,,30.0,30.0,47.496,47.496,47.496,1,19.048,19.048,19.048,1,['V. kerület'],0.0,1.0,,999,Low,1.0,0.0,0.0,Legenda Kft.
Lidl,30,0.367,11,62.909,37.0,28.24,14.0,47.491,47.431,47.604,30,19.102,19.015,19.227,12,"['IX. kerület', 'III. kerület', 'XXI. kerület', 'XX. kerület', 'XI. kerület', 'IV. kerület', 'XIX. kerület', 'VI. kerület', 'XVII. kerület', 'XVI. kerület', 'XIV. kerület', 'X. kerület']",0.0,0.6,18.4,150,Low,1.0,0.173,0.212,Lidl
Lime,36,0.806,29,36.414,10.0,7.625,1.0,47.487,47.439,47.588,36,19.058,18.969,19.158,14,"['X. kerület', 'XIX. kerület', 'VII. kerület', 'III. kerület', 'XX. kerület', 'XI. kerület', 'V. kerület', 'XIII. kerület', 'VI. kerület', 'XV. kerület', 'II. kerület', 'IX. kerület', 'VIII. kerület', 'XII. kerület']",0.0,0.583,40.3,45,Low,1.0,0.149,0.189,Lime
Lurdy ház,2,0.5,1,195.0,195.0,42.5,42.5,47.472,47.471,47.472,2,19.085,19.084,19.086,1,['IX. kerület'],0.0,0.5,25.0,108,Low,1.0,0.001,0.002,Lurdy ház
MAHART PassNave Személyhajózási Zrt.,4,0.0,0,,,24.667,21.0,47.495,47.48,47.503,4,19.051,19.045,19.066,2,"['V. kerület', 'IX. kerület']",0.0,0.5,,999,Low,1.0,0.023,0.021,MAHART PassNave Személyhajózási Zrt.
MAHIR Cityposter,4,1.0,4,15.5,4.0,15.333,4.0,47.481,47.444,47.541,4,19.047,19.037,19.071,3,"['III. kerület', 'VIII. kerület', 'XI. kerület']",0.0,0.75,64.5,12,Low,1.0,0.097,0.034,MAHIR Cityposter
MAZSIHISZ - Magyarországi Zsidó Hitközségek Szövetsége,2,0.0,0,,,3.0,3.0,47.491,47.491,47.492,2,19.089,19.089,19.09,1,['VIII. kerület'],0.0,1.0,,999,Low,1.0,0.001,0.001,MAZSIHISZ - Magyarországi Zsidó Hitközségek Szövetsége
MKKP Magyar Kétfarkú Kutya Párt,6,0.667,4,207.0,189.0,36.5,34.0,47.514,47.462,47.561,6,19.09,19.076,19.148,3,"['XIV. kerület', 'IV. kerület', 'XIX. kerület']",0.0,0.5,33.4,70,Low,1.0,0.099,0.072,MKKP Magyar Kétfarkú Kutya Párt
MNV Magyar Nemzeti Vagyonkezelő Zrt.,10,0.4,4,116.25,84.5,24.7,24.0,47.488,47.435,47.532,10,19.097,19.047,19.226,7,"['VI. kerület', 'XI. kerület', 'IX. kerület', 'V. kerület', 'XVI. kerület', 'VIII. kerület', 'XVII. kerület']",0.0,0.8,20.0,141,Low,1.0,0.097,0.179,MNV Magyar Nemzeti Vagyonkezelő Zrt.
MOHU Budapest Zrt.,1,1.0,1,4.0,4.0,2.0,2.0,47.564,47.564,47.564,1,18.951,18.951,18.951,1,['II. kerület'],0.0,1.0,90.3,4,Low,1.0,0.0,0.0,MOHU Budapest Zrt.
MOHU MOL Hulladékgazdálkodási Zrt.,6,0.833,5,10.8,11.0,6.667,2.0,47.504,47.475,47.564,6,19.037,18.951,19.085,5,"['V. kerület', 'XII. kerület', 'VIII. kerület', 'IX. kerület', 'II. kerület']",0.0,0.5,61.8,16,Low,1.0,0.089,0.134,MOHU MOL Hulladékgazdálkodási Zrt.
MOL Magyar Olaj- és Gázipari Nyrt.,7,0.286,2,22.5,22.5,21.833,14.5,47.515,47.469,47.561,7,19.071,19.025,19.135,7,"['VIII. kerület', 'X. kerület', 'I. kerület', 'III. kerület', 'XV. kerület', 'XIII. kerület', 'XI. kerület']",0.143,0.286,21.8,131,Low,1.0,0.092,0.11,MOL Magyar Olaj- és Gázipari Nyrt.
MOM Park,1,0.0,0,,,,,47.491,47.491,47.491,1,19.022,19.022,19.022,1,['XII. kerület'],0.0,0.0,,999,Low,1.0,0.0,0.0,MOM Park
MVM Főgáz Földgázhálózati Kft.,99,0.808,80,52.638,36.0,31.0,22.0,47.5,47.404,47.604,99,19.077,18.96,19.228,19,"['II. kerület', 'VII. kerület', 'XX. kerület', 'III. kerület', 'XI. kerület', 'XII. kerület', 'IX. kerület', 'Unknown', 'XIII. kerület', 'X. kerület', 'XIV. kerület', 'VIII. kerület', 'I. kerület', 'VI. kerület', 'IV. kerület', 'XXI. kerület', 'XVI. kerület', 'XV. kerület', 'XVII. kerület']",0.0,0.556,40.4,44,Medium,1.0,0.2,0.268,MVM Főgáz Földgázhálózati Kft.
MVM Mobiliti,3,0.0,0,,,50.0,61.0,47.517,47.507,47.53,3,19.03,19.009,19.047,3,"['I. kerület', 'XIII. kerület', 'II. kerület']",0.0,0.0,,999,Low,1.0,0.023,0.038,MVM Mobiliti
MVM NET,3,0.667,2,36.5,36.5,14.667,9.0,47.481,47.48,47.483,3,19.054,19.045,19.07,2,"['IX. kerület', 'XI. kerület']",0.0,0.333,33.4,70,Low,1.0,0.003,0.025,MVM NET
MVM Next Energiakereskedelmi Zrt.,10,0.1,1,71.0,71.0,12.3,2.0,47.492,47.433,47.548,10,19.081,19.04,19.134,8,"['XIV. kerület', 'V. kerület', 'XI. kerület', 'III. kerület', 'XX. kerület', 'VII. kerület', 'X. kerület', 'IX. kerület']",0.0,0.6,5.0,181,Low,1.0,0.115,0.094,MVM Next Energiakereskedelmi Zrt.
Magyar Közút,9,0.0,0,,,14.667,8.0,47.481,47.371,47.61,9,19.043,18.959,19.125,5,"['III. kerület', 'XXII. kerület', 'XXIII. kerület', 'XXI. kerület', 'IV. kerület']",0.0,0.556,,999,Low,1.0,0.239,0.166,Magyar Közút
Magyar KĂśzĂşt,1,1.0,1,17.0,17.0,3.0,3.0,47.605,47.605,47.605,1,19.097,19.097,19.097,1,['Unknown'],0.0,0.0,74.4,8,Low,1.0,0.0,0.0,Magyar KĂśzĂşt
Magyar Mezőgazdasági Múzeum és Könyvtár,1,0.0,0,,,81.0,81.0,47.515,47.515,47.515,1,19.084,19.084,19.084,1,['XIV. kerület'],0.0,0.0,,999,Low,1.0,0.0,0.0,Magyar Mezőgazdasági Múzeum és Könyvtár
Magyar Nemzeti Múzeum,1,0.0,0,,,2.0,2.0,47.492,47.492,47.492,1,19.062,19.062,19.062,1,['VIII. kerület'],0.0,1.0,,999,Low,1.0,0.0,0.0,Magyar Nemzeti Múzeum
Magyar Posta,51,0.706,36,74.222,50.0,4.714,1.0,47.486,47.386,47.568,51,19.09,18.991,19.212,18,"['IX. kerület', 'XIV. kerület', 'XX. kerület', 'VI. kerület', 'XVI. kerület', 'III. kerület', 'XVIII. kerület', 'XI. kerület', 'XIX. kerület', 'I. kerület', 'XXIII. kerület', 'V. kerület', 'XII. kerület', 'VII. kerület', 'VIII. kerület', 'II. kerület', 'XIII. kerület', 'IV. kerület']",0.0,0.275,41.8,37,Medium,1.0,0.182,0.221,Magyar Posta
Magyar Telekom,1607,0.836,1344,32.952,22.0,9.92,1.5,47.493,47.379,47.603,1607,19.078,18.94,19.296,24,"['VII. kerület', 'XIX. kerület', 'XIV. kerület', 'IX. kerület', 'X. kerület', 'Unknown', 'XI. kerület', 'XII. kerület', 'III. kerület', 'I. kerület', 'V. kerület', 'XXII. kerület', 'II. kerület', 'XIII. kerület', 'XV. kerület', 'XXI. kerület', 'VIII. kerület', 'XX. kerület', 'IV. kerület', 'XVIII. kerület', 'XVI. kerület', 'VI. kerület', 'XVII. kerület', 'XXIII. kerület']",0.0,0.698,41.8,37,Very High,1.0,0.224,0.356,Magyar Telekom
Magyar Testnevelési és Sporttudományi Egyetem,1,1.0,1,29.0,29.0,,,47.493,47.493,47.493,1,19.024,19.024,19.024,1,['XII. kerület'],0.0,1.0,,999,Low,1.0,0.0,0.0,Magyar Testnevelési és Sporttudományi Egyetem
Mammut Bevásárló- és Szórakoztató Központ,2,0.5,1,8.0,8.0,,,47.509,47.509,47.509,2,19.027,19.026,19.027,1,['II. kerület'],0.0,1.0,,999,Low,1.0,0.0,0.001,Mammut Bevásárló- és Szórakoztató Központ
Margitszigeti Atlétikai Centrum,1,0.0,0,,,6.0,6.0,47.518,47.518,47.518,1,19.042,19.042,19.042,1,['XIII. kerület'],0.0,0.0,,999,Low,1.0,0.0,0.0,Margitszigeti Atlétikai Centrum
Margitszigeti Szabadtéri Színház,1,0.0,0,,,1.0,1.0,47.531,47.531,47.531,1,19.05,19.05,19.05,1,['XIII. kerület'],0.0,0.0,,999,Low,1.0,0.0,0.0,Margitszigeti Szabadtéri Színház
McDonald's,7,0.429,3,106.667,120.0,15.286,2.0,47.487,47.41,47.55,7,19.097,19.021,19.155,6,"['XXII. kerület', 'X. kerület', 'III. kerület', 'XX. kerület', 'XV. kerület', 'XIV. kerület']",0.0,0.143,21.4,133,Low,1.0,0.14,0.134,McDonald's
Mediterrán Lakópark,2,0.0,0,,,3.0,3.0,47.431,47.431,47.431,2,19.094,19.094,19.094,1,['XX. kerület'],0.0,0.0,,999,Low,1.0,0.0,0.0,Mediterrán Lakópark
Metropol,1,0.0,0,,,42.0,42.0,47.511,47.511,47.511,1,19.101,19.101,19.101,1,['XIV. kerület'],0.0,1.0,,999,Low,1.0,0.0,0.0,Metropol
Mi Hazánk Mozgalom,1,0.0,0,,,,,47.445,47.445,47.445,1,19.119,19.119,19.119,1,['XX. kerület'],0.0,1.0,,999,Low,1.0,0.0,0.0,Mi Hazánk Mozgalom
Millenáris Park,17,0.471,8,23.0,5.0,11.5,5.0,47.511,47.509,47.511,17,19.026,19.024,19.029,1,['II. kerület'],0.0,0.706,30.6,81,Low,1.0,0.002,0.005,Millenáris Park
Motorosbolt365.hu üzlet - PRO MOTO SHOP Kft.,1,1.0,1,47.0,47.0,43.0,43.0,47.526,47.526,47.526,1,19.036,19.036,19.036,1,['II. kerület'],0.0,1.0,50.0,23,Low,1.0,0.0,0.0,Motorosbolt365.hu üzlet - PRO MOTO SHOP Kft.
MÁV Zrt.,316,0.256,81,100.963,70.0,17.825,9.0,47.494,47.391,47.582,316,19.09,18.952,19.296,21,"['XIV. kerület', 'XI. kerület', 'X. kerület', 'VI. kerület', 'I. kerület', 'IX. kerület', 'XXI. kerület', 'III. kerület', 'IV. kerület', 'VIII. kerület', 'XX. kerület', 'XIII. kerület', 'XVII. kerület', 'XXII. kerület', 'XVIII. kerület', 'XXIII. kerület', 'XIX. kerület', 'Unknown', 'XV. kerület', 'XVI. kerület', 'XII. kerület']",0.0,0.63,12.8,165,High,1.0,0.191,0.344,MÁV Zrt.
MÁV-HÉV Zrt. (BKK),139,0.417,58,97.414,52.0,29.234,30.0,47.519,47.379,47.599,139,19.073,19.022,19.229,13,"['III. kerület', 'XIV. kerület', 'XVI. kerület', 'XX. kerület', 'IX. kerület', 'I. kerület', 'X. kerület', 'II. kerület', 'Unknown', 'XXI. kerület', 'XI. kerület', 'XXIII. kerület', 'IV. kerület']",0.0,0.698,20.8,136,Medium,1.0,0.22,0.207,MÁV-HÉV Zrt. (BKK)
Mömax,2,0.5,1,2.0,2.0,43.0,43.0,47.552,47.551,47.553,2,19.044,19.043,19.045,1,['III. kerület'],0.0,0.0,53.0,20,Low,1.0,0.002,0.002,Mömax
MüPA - Művészetek Palotája,5,0.0,0,,,68.2,8.0,47.47,47.469,47.47,5,19.071,19.07,19.073,1,['IX. kerület'],0.0,0.6,,999,Low,1.0,0.001,0.003,MüPA - Művészetek Palotája
NAIH Nemzeti Adatvédelmi és Információszabadság Hatóság,5,0.4,2,38.5,38.5,34.2,25.0,47.496,47.445,47.601,5,19.144,19.01,19.25,4,"['III. kerület', 'XVII. kerület', 'XI. kerület', 'X. kerület']",0.0,0.8,20.0,141,Low,1.0,0.156,0.24,NAIH Nemzeti Adatvédelmi és Információszabadság Hatóság
NKE Szolgáltató Kft.,9,0.444,4,123.75,57.0,7.778,4.0,47.481,47.481,47.483,9,19.087,19.084,19.09,2,"['VIII. kerület', 'IX. kerület']",0.0,0.778,22.2,129,Low,1.0,0.002,0.006,NKE Szolgáltató Kft.
NKH Nemzeti Közlekedési Hatóság - Műszaki Vizsgálóállomás,1,0.0,0,,,29.0,29.0,47.452,47.452,47.452,1,19.156,19.156,19.156,1,['XIX. kerület'],0.0,1.0,,999,Low,1.0,0.0,0.0,NKH Nemzeti Közlekedési Hatóság - Műszaki Vizsgálóállomás
Nemzeti Földügyi Központ,1,0.0,0,,,80.0,80.0,47.566,47.566,47.566,1,18.989,18.989,18.989,1,['II. kerület'],0.0,0.0,,999,Low,1.0,0.0,0.0,Nemzeti Földügyi Központ
Nemzeti Sportközpontok,3,0.0,0,,,2.0,2.0,47.474,47.46,47.502,3,19.079,19.066,19.104,2,"['XIV. kerület', 'XXI. kerület']",0.0,0.667,,999,Low,1.0,0.042,0.038,Nemzeti Sportközpontok
Nemzeti Sportügynökség Nonprofit Zrt.,4,0.25,1,41.0,41.0,90.75,42.0,47.507,47.472,47.541,4,19.096,19.06,19.114,3,"['IX. kerület', 'XIV. kerület', 'XIII. kerület']",0.0,0.25,12.5,166,Low,1.0,0.069,0.054,Nemzeti Sportügynökség Nonprofit Zrt.
Nemzeti Színház,1,0.0,0,,,29.0,29.0,47.472,47.472,47.472,1,19.07,19.07,19.07,1,['IX. kerület'],0.0,1.0,,999,Low,1.0,0.0,0.0,Nemzeti Színház
None,18,0.333,6,2.333,0.0,,,47.504,47.399,47.563,18,19.08,18.957,19.144,12,"['XX. kerület', 'III. kerület', 'XIV. kerület', 'XIII. kerület', 'VII. kerület', 'II. kerület', 'IV. kerület', 'XXI. kerület', 'XV. kerület', 'VIII. kerület', 'XI. kerület', 'XXII. kerület']",0.0,0.556,,999,Low,1.0,0.164,0.187,None
Normafa Park FenntartÃá Ãés ÃzemeltetÅ,2,1.0,2,10.0,10.0,6.0,6.0,47.515,47.514,47.516,2,18.965,18.96,18.97,1,['Unknown'],0.0,1.0,72.9,9,Low,1.0,0.002,0.01,Normafa Park FenntartÃá Ãés ÃzemeltetÅ
Normafa Park Fenntartó és üzemeltető,9,0.778,7,53.571,18.0,17.778,13.0,47.506,47.5,47.524,9,18.966,18.958,18.97,1,['XII. kerület'],0.0,0.444,38.9,50,Low,1.0,0.024,0.012,Normafa Park Fenntartó és üzemeltető
NÖRI Nemzeti Örökség Intézete,1,0.0,0,,,21.0,21.0,47.494,47.494,47.494,1,19.086,19.086,19.086,1,['VIII. kerület'],0.0,1.0,,999,Low,1.0,0.0,0.0,NÖRI Nemzeti Örökség Intézete
OBI Barkácsáruház,3,0.0,0,,,14.333,20.0,47.501,47.467,47.567,3,19.083,19.076,19.098,2,"['IX. kerület', 'IV. kerület']",0.0,0.667,,999,Low,1.0,0.1,0.022,OBI Barkácsáruház
OIF Országos Idegenrendészeti Főigazgatóság,1,1.0,1,10.0,10.0,,,47.459,47.459,47.459,1,19.053,19.053,19.053,1,['XI. kerület'],0.0,0.0,,999,Low,1.0,0.0,0.0,OIF Országos Idegenrendészeti Főigazgatóság
OMV Hungária Kft.,7,0.571,4,56.25,42.5,25.143,16.0,47.493,47.472,47.55,7,19.115,19.054,19.15,4,"['XI. kerület', 'X. kerület', 'IX. kerület', 'XV. kerület']",0.0,0.286,28.6,93,Low,1.0,0.078,0.096,OMV Hungária Kft.
OMW,2,0.0,0,,,,,47.477,47.416,47.538,2,19.138,19.07,19.207,2,"['XIII. kerület', 'XVIII. kerület']",0.0,0.5,,999,Low,1.0,0.122,0.137,OMW
OTP Bank,3,0.667,2,279.0,279.0,24.5,24.5,47.446,47.446,47.447,3,19.125,19.036,19.169,2,"['XVIII. kerület', 'XI. kerület']",0.0,1.0,33.4,70,Low,1.0,0.001,0.133,OTP Bank
One MagyarorszÃĄg Zrt.,1,0.0,0,,,1.0,1.0,47.482,47.482,47.482,1,19.163,19.163,19.163,1,['Unknown'],0.0,0.0,,999,Low,1.0,0.0,0.0,One MagyarorszÃĄg Zrt.
One Magyarország Zrt.,198,0.379,75,58.27,32.0,6.48,3.0,47.501,47.407,47.586,198,19.063,18.982,19.259,19,"['V. kerület', 'II. kerület', 'XIII. kerület', 'X. kerület', 'XI. kerület', 'XIV. kerület', 'XII. kerület', 'XVIII. kerület', 'IV. kerület', 'IX. kerület', 'VI. kerület', 'I. kerület', 'XX. kerület', 'VIII. kerület', 'XXI. kerület', 'VII. kerület', 'XVI. kerület', 'XVII. kerület', 'III. kerület']",0.0,0.576,20.4,139,Medium,1.0,0.179,0.277,One Magyarország Zrt.
Országgyűlés Hivatala,5,0.8,4,10.75,9.0,2.75,1.0,47.507,47.506,47.508,5,19.048,19.047,19.05,1,['V. kerület'],0.0,0.4,71.4,10,Low,1.0,0.002,0.003,Országgyűlés Hivatala
Országos Onkológiai Intézet,4,0.5,2,69.0,69.0,12.75,4.5,47.502,47.501,47.503,4,19.019,19.019,19.019,1,['XII. kerület'],0.0,1.0,25.0,108,Low,1.0,0.002,0.0,Országos Onkológiai Intézet
PVKH - Pest Vármegyei Kormányhivatal,12,0.0,0,,,47.083,41.0,47.474,47.395,47.53,12,19.104,18.984,19.245,8,"['XIV. kerület', 'II. kerület', 'I. kerület', 'XI. kerület', 'XXIII. kerület', 'XXI. kerület', 'XVII. kerület', 'X. kerület']",0.0,0.667,,999,Low,1.0,0.135,0.261,PVKH - Pest Vármegyei Kormányhivatal
"PVKH Körny.véd., Term.véd., Hull.gazd. és Bányafelügy. Főosztály",23,0.043,1,293.0,293.0,51.609,40.0,47.469,47.393,47.588,23,19.108,18.972,19.294,11,"['XXII. kerület', 'XVII. kerület', 'XI. kerület', 'XIX. kerület', 'IV. kerület', 'XXI. kerület', 'XX. kerület', 'XIV. kerület', 'XVI. kerület', 'XVIII. kerület', 'II. kerület']",0.0,0.652,2.2,183,Low,1.0,0.195,0.322,"PVKH Körny.véd., Term.véd., Hull.gazd. és Bányafelügy. Főosztály"
Packeta,1,0.0,0,,,13.0,13.0,47.453,47.453,47.453,1,19.157,19.157,19.157,1,['XIX. kerület'],0.0,0.0,,999,Low,1.0,0.0,0.0,Packeta
Panoráma Sportközpont,1,1.0,1,6.0,6.0,0.0,0.0,47.524,47.524,47.524,1,19.035,19.035,19.035,1,['II. kerület'],0.0,1.0,94.0,2,Low,1.0,0.0,0.0,Panoráma Sportközpont
Papp László Sportaréna,1,0.0,0,,,23.0,23.0,47.502,47.502,47.502,1,19.106,19.106,19.106,1,['XIV. kerület'],0.0,0.0,,999,Low,1.0,0.0,0.0,Papp László Sportaréna
Park Plazza,6,0.167,1,91.0,91.0,80.0,82.0,47.504,47.504,47.504,6,19.152,19.151,19.152,1,['X. kerület'],0.0,0.833,8.4,173,Low,1.0,0.0,0.001,Park Plazza
Parkol-6 Terézvárosi Parkolás,2,0.5,1,5.0,5.0,18.5,18.5,47.513,47.51,47.517,2,19.066,19.06,19.071,1,['VI. kerület'],0.0,0.5,50.0,23,Low,1.0,0.007,0.011,Parkol-6 Terézvárosi Parkolás
Pasaréti Honvéd Lovarda,1,0.0,0,,,5.0,5.0,47.52,47.52,47.52,1,19.0,19.0,19.0,1,['II. kerület'],0.0,1.0,,999,Low,1.0,0.0,0.0,Pasaréti Honvéd Lovarda
Penny Market,21,0.571,12,87.0,73.5,24.3,30.0,47.492,47.436,47.595,21,19.112,19.054,19.163,9,"['X. kerület', 'Unknown', 'III. kerület', 'VIII. kerület', 'XXI. kerület', 'XX. kerület', 'IV. kerület', 'XIX. kerület', 'XIII. kerület']",0.0,0.333,28.6,93,Low,1.0,0.159,0.109,Penny Market
Pest Vármegyei Választási Iroda,2,0.5,1,94.0,94.0,50.0,50.0,47.486,47.464,47.508,2,19.039,19.025,19.053,2,"['XI. kerület', 'II. kerület']",0.0,0.5,25.0,108,Low,1.0,0.044,0.028,Pest Vármegyei Választási Iroda
Peugeot Pásztor,1,0.0,0,,,,,47.485,47.485,47.485,1,19.225,19.225,19.225,1,['XVII. kerület'],0.0,1.0,,999,Low,1.0,0.0,0.0,Peugeot Pásztor
Pilisi Parkerdő,59,0.847,50,22.02,11.0,10.368,7.0,47.517,47.428,47.576,59,19.027,18.929,19.24,11,"['XIX. kerület', 'III. kerület', 'II. kerület', 'XVI. kerület', 'XVII. kerület', 'XII. kerület', 'Unknown', 'IX. kerület', 'XI. kerület', 'XV. kerület', 'X. kerület']",0.0,0.525,50.3,22,Medium,1.0,0.148,0.311,Pilisi Parkerdő
Podmaniczky Mozgalom,1,0.0,0,,,91.0,91.0,47.513,47.513,47.513,1,19.094,19.094,19.094,1,['XIV. kerület'],0.0,1.0,,999,Low,1.0,0.0,0.0,Podmaniczky Mozgalom
Polisz Biztonsági Kft.,3,0.333,1,175.0,175.0,2.667,2.0,47.466,47.447,47.48,3,19.035,19.032,19.039,1,['XI. kerület'],0.0,0.0,29.0,90,Low,1.0,0.033,0.007,Polisz Biztonsági Kft.
Praktiker,2,0.0,0,,,81.0,81.0,47.542,47.542,47.542,2,19.03,19.03,19.03,1,['III. kerület'],0.0,0.0,,999,Low,1.0,0.0,0.0,Praktiker
Pro-Construct Zrt.,1,1.0,1,293.0,293.0,2.0,2.0,47.517,47.517,47.517,1,19.117,19.117,19.117,1,['XIV. kerület'],0.0,1.0,64.3,13,Low,1.0,0.0,0.0,Pro-Construct Zrt.
Property Market,15,0.0,0,,,8.2,3.0,47.464,47.459,47.468,15,19.061,19.057,19.064,1,['XI. kerület'],0.0,0.8,,999,Low,1.0,0.009,0.007,Property Market
Príma,9,0.778,7,51.429,29.0,21.556,15.0,47.536,47.467,47.599,9,19.089,19.017,19.191,4,"['XVI. kerület', 'III. kerület', 'XI. kerület', 'X. kerület']",0.0,0.556,38.9,50,Low,1.0,0.132,0.174,Príma
Publimont,21,0.571,12,78.417,55.5,14.35,2.5,47.476,47.421,47.531,21,19.085,18.998,19.261,10,"['VIII. kerület', 'IX. kerület', 'XI. kerület', 'XVIII. kerület', 'XXII. kerület', 'XIV. kerület', 'XII. kerület', 'XVII. kerület', 'XVI. kerület', 'III. kerület']",0.0,0.476,28.6,93,Low,1.0,0.11,0.263,Publimont
Punctum Kft.,13,0.308,4,63.75,19.5,50.333,80.0,47.523,47.493,47.547,13,19.067,19.047,19.094,3,"['XIII. kerület', 'V. kerület', 'VIII. kerület']",0.0,0.538,15.4,161,Low,1.0,0.054,0.047,Punctum Kft.
Puskás Aréna,1,0.0,0,,,405.0,405.0,47.503,47.503,47.503,1,19.101,19.101,19.101,1,['XIV. kerület'],0.0,1.0,,999,Low,1.0,0.0,0.0,Puskás Aréna
PÃálus Center,1,0.0,0,,,5.0,5.0,47.551,47.551,47.551,1,19.139,19.139,19.139,1,['Unknown'],0.0,0.0,,999,Low,1.0,0.0,0.0,PÃálus Center
Páli Szent Vince Plébánia és Templom,1,0.0,0,,,9.0,9.0,47.476,47.476,47.476,1,19.078,19.078,19.078,1,['IX. kerület'],0.0,0.0,,999,Low,1.0,0.0,0.0,Páli Szent Vince Plébánia és Templom
Pólus Center,1,1.0,1,9.0,9.0,4.0,4.0,47.551,47.551,47.551,1,19.139,19.139,19.139,1,['XV. kerület'],0.0,0.0,79.6,7,Low,1.0,0.0,0.0,Pólus Center
Rossmann,2,0.5,1,8.0,8.0,41.0,41.0,47.498,47.485,47.51,2,19.209,19.191,19.226,2,"['XVI. kerület', 'XVII. kerület']",0.0,1.0,47.0,34,Low,1.0,0.025,0.035,Rossmann
Rákosmente Piacfelügyelet,1,0.0,0,,,2.0,2.0,47.481,47.481,47.481,1,19.256,19.256,19.256,1,['XVII. kerület'],0.0,1.0,,999,Low,1.0,0.0,0.0,Rákosmente Piacfelügyelet
Rév8 Zrt.,2,0.0,0,,,62.0,62.0,47.489,47.489,47.489,2,19.085,19.08,19.09,1,['VIII. kerület'],0.0,1.0,,999,Low,1.0,0.0,0.01,Rév8 Zrt.
SOTE Semmelweis Orvostudományi Egyetem,1,1.0,1,1.0,1.0,1.0,1.0,47.483,47.483,47.483,1,19.08,19.08,19.08,1,['VIII. kerület'],0.0,0.0,96.1,1,Low,1.0,0.0,0.0,SOTE Semmelweis Orvostudományi Egyetem
SPAR Magyarország,43,0.558,24,67.333,36.5,18.703,4.0,47.487,47.408,47.598,43,19.123,19.016,19.244,12,"['X. kerület', 'XX. kerület', 'XVI. kerület', 'VII. kerület', 'XIV. kerület', 'XXI. kerület', 'IV. kerület', 'XV. kerület', 'XVIII. kerület', 'III. kerület', 'XIII. kerület', 'XVII. kerület']",0.0,0.698,27.9,97,Low,1.0,0.19,0.228,SPAR Magyarország
Savoya Park,1,0.0,0,,,8.0,8.0,47.434,47.434,47.434,1,19.039,19.039,19.039,1,['XI. kerület'],0.0,1.0,,999,Low,1.0,0.0,0.0,Savoya Park
Segítő Angyalok Állatmentés Kft.,7,0.143,1,6.0,6.0,39.5,37.5,47.548,47.463,47.603,7,19.058,19.028,19.127,3,"['III. kerület', 'II. kerület', 'XIX. kerület']",0.0,0.286,31.2,78,Low,1.0,0.14,0.099,Segítő Angyalok Állatmentés Kft.
Shell Hungary Zrt.,7,0.143,1,68.0,68.0,5.571,3.0,47.486,47.433,47.517,7,19.098,18.999,19.176,5,"['II. kerület', 'XIV. kerület', 'XIX. kerület', 'XVIII. kerület', 'X. kerület']",0.0,0.714,11.2,168,Low,1.0,0.084,0.177,Shell Hungary Zrt.
Stop Shop,5,0.0,0,,,56.4,40.0,47.548,47.543,47.562,5,19.044,19.028,19.106,2,"['III. kerület', 'IV. kerület']",0.0,0.6,,999,Low,1.0,0.019,0.078,Stop Shop
Szabadságszínpad,1,0.0,0,,,3.0,3.0,47.503,47.503,47.503,1,19.05,19.05,19.05,1,['V. kerület'],0.0,1.0,,999,Low,1.0,0.0,0.0,Szabadságszínpad
Sziget Kulturális Menedzser Iroda Zrt.,3,0.0,0,,,15.333,2.0,47.556,47.551,47.56,3,19.054,19.046,19.061,1,['III. kerület'],0.0,0.667,,999,Low,1.0,0.009,0.015,Sziget Kulturális Menedzser Iroda Zrt.
TIER-Dott,26,0.577,15,109.133,46.0,29.654,40.0,47.506,47.428,47.608,26,19.075,19.007,19.181,14,"['VIII. kerület', 'XIII. kerület', 'III. kerület', 'IV. kerület', 'XVI. kerület', 'XIV. kerület', 'XVIII. kerület', 'II. kerület', 'I. kerület', 'VII. kerület', 'XII. kerület', 'XI. kerület', 'XIX. kerület', 'IX. kerület']",0.0,0.654,28.8,91,Low,1.0,0.18,0.174,TIER-Dott
Tesco,31,0.258,8,79.5,50.0,17.065,2.0,47.485,47.413,47.601,31,19.111,19.022,19.228,8,"['XI. kerület', 'XX. kerület', 'XIV. kerület', 'XVII. kerület', 'XIII. kerület', 'IX. kerület', 'XXI. kerület', 'III. kerület']",0.0,0.774,12.9,164,Low,1.0,0.188,0.206,Tesco
TraffiCOM,22,0.818,18,87.333,73.5,14.409,4.5,47.499,47.475,47.524,22,19.065,18.999,19.178,10,"['X. kerület', 'XI. kerület', 'V. kerület', 'VIII. kerület', 'VI. kerület', 'XIII. kerület', 'XIV. kerület', 'IX. kerület', 'I. kerület', 'II. kerület']",0.0,0.727,40.9,41,Low,1.0,0.049,0.179,TraffiCOM
Táv-Com,2,0.0,0,,,102.0,102.0,47.523,47.514,47.532,2,19.057,19.037,19.077,2,"['III. kerület', 'VI. kerület']",0.0,0.0,,999,Low,1.0,0.018,0.04,Táv-Com
V. kerület Belváros-Lipótváros Közterület-felügyelet,21,0.381,8,65.5,63.5,36.857,40.0,47.498,47.489,47.511,21,19.052,19.046,19.061,1,['V. kerület'],0.0,0.619,19.0,146,Low,1.0,0.022,0.015,V. kerület Belváros-Lipótváros Közterület-felügyelet
V. kerület Belváros-Lipótváros Városüzemeltető,152,0.612,93,42.871,18.0,14.939,8.0,47.5,47.487,47.513,152,19.052,19.045,19.061,3,"['V. kerület', 'IV. kerület', 'XIII. kerület']",0.0,0.572,30.6,81,Medium,1.0,0.026,0.016,V. kerület Belváros-Lipótváros Városüzemeltető
VI. kerület Rendészeti Osztály,24,0.625,15,24.733,6.0,21.333,22.0,47.508,47.499,47.517,24,19.063,19.056,19.072,2,"['VI. kerület', 'XIII. kerület']",0.0,0.458,36.5,61,Low,1.0,0.018,0.016,VI. kerület Rendészeti Osztály
VI. kerület Terézváros Önkormányzata,126,0.437,55,82.564,55.0,46.51,40.0,47.506,47.498,47.518,126,19.063,19.04,19.076,3,"['VI. kerület', 'I. kerület', 'XX. kerület']",0.0,0.659,21.8,131,Medium,1.0,0.02,0.036,VI. kerület Terézváros Önkormányzata
VII. Kerületi Rendőrkapitányság,1,0.0,0,,,19.0,19.0,47.497,47.497,47.497,1,19.057,19.057,19.057,1,['VII. kerület'],0.0,0.0,,999,Low,1.0,0.0,0.0,VII. Kerületi Rendőrkapitányság
VII. kerület - EVIN Erzsébetvárosi Ingatlangazdákodási Nonprofit Zrt.,6,0.0,0,,,36.167,41.5,47.503,47.496,47.508,6,19.07,19.062,19.079,1,['VII. kerület'],0.0,0.5,,999,Low,1.0,0.012,0.017,VII. kerület - EVIN Erzsébetvárosi Ingatlangazdákodási Nonprofit Zrt.
VII. kerület Erzsébetváros Rendészeti Igazgatósága,59,0.678,40,42.35,4.0,30.231,9.5,47.501,47.496,47.509,59,19.07,19.057,19.086,2,"['VII. kerület', 'VI. kerület']",0.0,0.678,33.9,68,Medium,1.0,0.013,0.029,VII. kerület Erzsébetváros Rendészeti Igazgatósága
VII. kerület Erzsébetváros Önkormányzata,193,0.627,121,70.967,48.0,44.472,40.0,47.501,47.496,47.51,193,19.068,19.056,19.089,3,"['VII. kerület', 'VI. kerület', 'XIV. kerület']",0.0,0.627,31.4,77,Medium,1.0,0.014,0.033,VII. kerület Erzsébetváros Önkormányzata
VII. kerĂźlet ErzsĂŠbetvĂĄros ĂnkormĂĄnyzata,1,0.0,0,,,4.0,4.0,47.498,47.498,47.498,1,19.07,19.07,19.07,1,['Unknown'],0.0,1.0,,999,Low,1.0,0.0,0.0,VII. kerĂźlet ErzsĂŠbetvĂĄros ĂnkormĂĄnyzata
VIII. Kerületi Rendőrkapitányság,1,0.0,0,,,18.0,18.0,47.486,47.486,47.486,1,19.071,19.071,19.071,1,['VIII. kerület'],0.0,0.0,,999,Low,1.0,0.0,0.0,VIII. Kerületi Rendőrkapitányság
VIII. kerület JGK Józsefvárosi Gazdálkodási Központ,289,0.498,144,107.278,48.5,49.398,9.0,47.49,47.478,47.499,289,19.08,19.062,19.109,1,['VIII. kerület'],0.0,0.436,24.9,120,High,1.0,0.021,0.047,VIII. kerület JGK Józsefvárosi Gazdálkodási Központ
VIII. kerület Józsefvárosi Közterület-felügyelet,115,0.739,85,65.659,37.0,20.729,11.0,47.49,47.476,47.501,115,19.082,19.062,19.109,2,"['VIII. kerület', 'VII. kerület']",0.0,0.53,37.0,58,Medium,1.0,0.025,0.047,VIII. kerület Józsefvárosi Közterület-felügyelet
VIII. kerület Józsefvárosi Önkormányzat,14,0.143,2,113.5,113.5,73.071,62.0,47.491,47.483,47.5,14,19.083,19.069,19.102,1,['VIII. kerület'],0.0,0.571,7.2,178,Low,1.0,0.017,0.033,VIII. kerület Józsefvárosi Önkormányzat
Volánbusz (MÁV-csoport),22,0.545,12,58.417,25.0,17.857,12.0,47.49,47.432,47.597,22,19.067,19.022,19.137,8,"['XI. kerület', 'XX. kerület', 'XIII. kerület', 'IX. kerület', 'III. kerület', 'XIV. kerület', 'X. kerület', 'II. kerület']",0.0,0.5,27.3,99,Low,1.0,0.165,0.115,Volánbusz (MÁV-csoport)
Volأ،nbusz (MأپV-csoport),1,0.0,0,,,5.0,5.0,47.468,47.468,47.468,1,19.017,19.017,19.017,1,['Unknown'],0.0,1.0,,999,Low,1.0,0.0,0.0,Volأ،nbusz (MأپV-csoport)
Váci Greens,1,0.0,0,,,10.0,10.0,47.546,47.546,47.546,1,19.073,19.073,19.073,1,['XIII. kerület'],0.0,0.0,,999,Low,1.0,0.0,0.0,Váci Greens
Várkapitányság,33,0.364,12,36.0,19.0,20.182,16.0,47.498,47.493,47.5,33,19.039,19.036,19.043,1,['I. kerület'],0.0,0.909,18.2,152,Low,1.0,0.007,0.007,Várkapitányság
Városliget Zrt.,142,0.423,60,56.567,21.0,20.418,5.0,47.513,47.507,47.519,142,19.086,19.077,19.092,3,"['XIV. kerület', 'XIII. kerület', 'Unknown']",0.0,0.683,21.2,135,Medium,1.0,0.012,0.015,Városliget Zrt.
Westend,3,0.333,1,90.0,90.0,82.333,9.0,47.513,47.512,47.515,3,19.059,19.057,19.062,1,['VI. kerület'],0.0,0.0,16.7,157,Low,1.0,0.003,0.005,Westend
X. kerÃület KÅbÃĄnya ÃnkormÃĄnyzata,1,1.0,1,14.0,14.0,1.0,1.0,47.49,47.49,47.49,1,19.131,19.131,19.131,1,['Unknown'],0.0,1.0,83.1,6,Low,1.0,0.0,0.0,X. kerÃület KÅbÃĄnya ÃnkormÃĄnyzata
X. kerület Kőbánya Önkormányzata,551,0.595,328,54.591,31.0,31.106,17.0,47.48,47.462,47.505,551,19.147,19.108,19.21,5,"['X. kerület', 'Unknown', 'XVII. kerület', 'XIV. kerület', 'XVI. kerület']",0.0,0.466,29.8,86,Very High,1.0,0.043,0.102,X. kerület Kőbánya Önkormányzata
X. kerület Kőbányai Közterület-felügyelet,188,0.691,130,91.423,82.0,20.995,15.0,47.48,47.464,47.504,188,19.143,19.109,19.184,2,"['X. kerület', 'XVI. kerület']",0.0,0.75,34.6,66,Medium,1.0,0.04,0.075,X. kerület Kőbányai Közterület-felügyelet
XI. Kerületi Rendőrkapitányság,3,0.333,1,61.0,61.0,3.333,1.0,47.455,47.444,47.472,3,19.031,19.013,19.047,1,['XI. kerület'],0.0,0.667,27.1,100,Low,1.0,0.028,0.034,XI. Kerületi Rendőrkapitányság
XI. kerÃület Ãjbuda ÃnkormÃĄnyzata,1,0.0,0,,,7.0,7.0,47.463,47.463,47.463,1,19.032,19.032,19.032,1,['Unknown'],0.0,1.0,,999,Low,1.0,0.0,0.0,XI. kerÃület Ãjbuda ÃnkormÃĄnyzata
XI. kerület Újbuda Közterület-felügyelet,439,0.565,248,77.597,55.5,24.026,2.0,47.465,47.431,47.488,439,19.027,18.979,19.064,3,"['XI. kerület', 'XXII. kerület', 'Unknown']",0.0,0.87,28.2,96,High,1.0,0.057,0.085,XI. kerület Újbuda Közterület-felügyelet
XI. kerület Újbuda Parkolásüzemeltető Nonprofit Kft.,8,0.75,6,31.167,7.5,3.375,3.0,47.472,47.461,47.483,8,19.038,19.014,19.054,1,['XI. kerület'],0.0,0.75,47.9,33,Low,1.0,0.022,0.04,XI. kerület Újbuda Parkolásüzemeltető Nonprofit Kft.
XI. kerület Újbuda Önkormányzata,982,0.362,355,83.487,55.0,19.79,7.0,47.467,47.43,47.522,982,19.029,18.979,19.161,6,"['XI. kerület', 'XIX. kerület', 'XXII. kerület', 'I. kerület', 'Unknown', 'II. kerület']",0.0,0.648,18.1,154,Very High,1.0,0.092,0.182,XI. kerület Újbuda Önkormányzata
XI. kerรผlet รjbuda Parkolรกsรผzemeltetล Nonprofit Kft.,1,1.0,1,11.0,11.0,1.0,1.0,47.478,47.478,47.478,1,19.044,19.044,19.044,1,['Unknown'],0.0,1.0,86.1,5,Low,1.0,0.0,0.0,XI. kerรผlet รjbuda Parkolรกsรผzemeltetล Nonprofit Kft.
XII. Kerületi Rendőrkapitányság,8,0.5,4,65.75,49.5,28.375,26.0,47.499,47.492,47.504,8,19.008,18.977,19.024,1,['XII. kerület'],0.0,0.375,25.0,108,Low,1.0,0.012,0.047,XII. Kerületi Rendőrkapitányság
XII. kerÃület HegyvidÃék ÃnkormÃĄnyzata,2,0.0,0,,,13.5,13.5,47.501,47.499,47.503,2,19.006,19.002,19.009,1,['Unknown'],0.0,1.0,,999,Low,1.0,0.004,0.007,XII. kerÃület HegyvidÃék ÃnkormÃĄnyzata
XII. kerület Hegyvidék Önkormányzata,422,0.486,205,120.839,42.0,13.462,2.0,47.499,47.478,47.524,422,19.004,18.953,19.03,5,"['XII. kerület', 'XI. kerület', 'Unknown', 'I. kerület', 'II. kerület']",0.0,0.505,24.3,123,High,1.0,0.046,0.077,XII. kerület Hegyvidék Önkormányzata
XII. kerületi Hegyvidéki Rendészet,154,0.604,93,65.366,43.0,13.057,3.0,47.5,47.48,47.522,154,19.009,18.935,19.028,3,"['XII. kerület', 'I. kerület', 'Unknown']",0.0,0.76,30.2,84,Medium,1.0,0.042,0.093,XII. kerületi Hegyvidéki Rendészet
XIII. Kerületi Rendőrkapitányság,4,0.75,3,83.333,77.0,61.25,62.5,47.528,47.52,47.538,4,19.058,19.045,19.069,2,"['VIII. kerület', 'XIII. kerület']",0.0,0.75,37.5,55,Low,1.0,0.018,0.024,XIII. Kerületi Rendőrkapitányság
XIII. kerÃület ÃnkormÃĄnyzata,2,0.5,1,51.0,51.0,29.5,29.5,47.526,47.514,47.538,2,19.063,19.056,19.069,1,['Unknown'],0.0,0.5,25.0,108,Low,1.0,0.024,0.013,XIII. kerÃület ÃnkormÃĄnyzata
XIII. kerület Közterület-felügyelet,151,0.576,87,57.816,31.0,31.052,21.0,47.529,47.512,47.554,151,19.069,19.048,19.097,3,"['XIII. kerület', 'Unknown', 'IV. kerület']",0.0,0.623,28.8,91,Medium,1.0,0.042,0.049,XIII. kerület Közterület-felügyelet
XIII. kerület Önkormányzata,866,0.584,506,71.298,31.5,19.155,13.0,47.532,47.456,47.568,866,19.071,19.047,19.179,5,"['XIII. kerület', 'IV. kerület', 'XIV. kerület', 'Unknown', 'XVIII. kerület']",0.0,0.4,29.2,88,Very High,1.0,0.112,0.132,XIII. kerület Önkormányzata
XIII. kerületi Közszolgáltató Zrt.,2,0.5,1,101.0,101.0,20.5,20.5,47.517,47.517,47.517,2,19.054,19.051,19.057,1,['XIII. kerület'],0.0,0.5,25.0,108,Low,1.0,0.0,0.006,XIII. kerületi Közszolgáltató Zrt.
XIV. Kerületi Rendőrkapitányság,5,0.0,0,,,43.5,41.5,47.517,47.501,47.53,5,19.116,19.101,19.144,1,['XIV. kerület'],0.0,1.0,,999,Low,1.0,0.029,0.043,XIV. Kerületi Rendőrkapitányság
XIV. kerÃület ZuglÃá ÃnkormÃĄnyzata,1,0.0,0,,,1.0,1.0,47.507,47.507,47.507,1,19.107,19.107,19.107,1,['Unknown'],0.0,1.0,,999,Low,1.0,0.0,0.0,XIV. kerÃület ZuglÃá ÃnkormÃĄnyzata
XIV. kerÃület ZuglÃái VÃĄrosgazdÃĄlkodÃĄsi KÃzszolgÃĄltatÃá Zrt.,4,0.25,1,19.0,19.0,14.0,11.5,47.521,47.517,47.527,4,19.122,19.115,19.133,1,['Unknown'],0.0,0.5,23.5,126,Low,1.0,0.01,0.018,XIV. kerÃület ZuglÃái VÃĄrosgazdÃĄlkodÃĄsi KÃzszolgÃĄltatÃá Zrt.
XIV. kerÃület ZuglÃái ÃnkormÃĄnyzati RendÃészet,1,1.0,1,,,3.0,3.0,47.513,47.513,47.513,1,19.147,19.147,19.147,1,['Unknown'],0.0,1.0,,999,Low,1.0,0.0,0.0,XIV. kerÃület ZuglÃái ÃnkormÃĄnyzati RendÃészet
XIV. kerület Zugló Önkormányzata,92,0.217,20,83.5,74.0,43.629,28.0,47.515,47.5,47.546,92,19.119,19.073,19.154,2,"['XIV. kerület', 'XIII. kerület']",0.0,0.598,10.8,169,Medium,1.0,0.046,0.081,XIV. kerület Zugló Önkormányzata
XIV. kerület Zuglói Közbiztonsági NKft.,1,0.0,0,,,2.0,2.0,47.504,47.504,47.504,1,19.135,19.135,19.135,1,['XIV. kerület'],0.0,1.0,,999,Low,1.0,0.0,0.0,XIV. kerület Zuglói Közbiztonsági NKft.
XIV. kerület Zuglói Városgazdálkodási Közszolgáltató Zrt.,1178,0.438,516,59.905,36.0,45.795,40.0,47.516,47.5,47.543,1178,19.119,19.075,19.243,5,"['XIV. kerület', 'XIII. kerület', 'X. kerület', 'XV. kerület', 'XVI. kerület']",0.0,0.604,21.9,130,Very High,1.0,0.043,0.168,XIV. kerület Zuglói Városgazdálkodási Közszolgáltató Zrt.
XIV. kerület Zuglói Önkormányzati Rendészet,432,0.637,275,99.931,65.0,27.961,8.0,47.518,47.5,47.539,432,19.117,19.081,19.155,4,"['XIV. kerület', 'Unknown', 'XIII. kerület', 'VIII. kerület']",0.0,0.792,31.8,76,High,1.0,0.039,0.074,XIV. kerület Zuglói Önkormányzati Rendészet
XIV. kerĂĽlet ZuglĂłi VĂˇrosgazdĂˇlkodĂˇsi KĂ¶zszolgĂˇltatĂł Zrt.,1,0.0,0,,,55.0,55.0,47.517,47.517,47.517,1,19.1,19.1,19.1,1,['Unknown'],0.0,0.0,,999,Low,1.0,0.0,0.0,XIV. kerĂĽlet ZuglĂłi VĂˇrosgazdĂˇlkodĂˇsi KĂ¶zszolgĂˇltatĂł Zrt.
XIX. Kerületi Rendőrkapitányság,1,0.0,0,,,51.0,51.0,47.446,47.446,47.446,1,19.155,19.155,19.155,1,['XIX. kerület'],0.0,1.0,,999,Low,1.0,0.0,0.0,XIX. Kerületi Rendőrkapitányság
XIX. kerület Kispest Önkormányzata,7,0.429,3,157.667,173.0,28.0,25.0,47.454,47.447,47.462,7,19.148,19.128,19.159,1,['XIX. kerület'],0.0,1.0,21.4,133,Low,1.0,0.015,0.031,XIX. kerület Kispest Önkormányzata
XIX. kerület Kispesti Rendészeti Központ,150,0.653,98,58.969,52.0,13.615,11.5,47.453,47.428,47.465,150,19.143,19.121,19.17,3,"['XIX. kerület', 'Unknown', 'XX. kerület']",0.0,0.747,32.6,74,Medium,1.0,0.037,0.049,XIX. kerület Kispesti Rendészeti Központ
XIX. kerület Közpark NKft.,259,0.533,138,53.652,41.0,29.079,17.0,47.453,47.429,47.473,259,19.144,19.077,19.169,2,"['XIX. kerület', 'XXI. kerület']",0.0,0.494,26.6,104,High,1.0,0.044,0.092,XIX. kerület Közpark NKft.
XV. KerÃületi RendÅrkapitÃĄnysÃĄg,1,0.0,0,,,11.0,11.0,47.54,47.54,47.54,1,19.145,19.145,19.145,1,['Unknown'],0.0,1.0,,999,Low,1.0,0.0,0.0,XV. KerÃületi RendÅrkapitÃĄnysÃĄg
XV. Kerületi Rendőrkapitányság,3,0.333,1,168.0,168.0,13.667,16.0,47.557,47.542,47.567,3,19.122,19.114,19.135,1,['XV. kerület'],0.0,1.0,16.7,157,Low,1.0,0.025,0.021,XV. Kerületi Rendőrkapitányság
XV. kerület Palota Holding Zrt.,182,0.72,131,31.496,17.0,17.86,9.0,47.547,47.526,47.582,182,19.131,19.105,19.151,2,"['XV. kerület', 'XIV. kerület']",0.0,0.885,36.0,64,Medium,1.0,0.056,0.046,XV. kerület Palota Holding Zrt.
XV. kerület Önkormányzati Rendészet,182,0.538,98,65.255,44.0,15.011,8.0,47.547,47.533,47.598,182,19.131,19.106,19.149,2,"['XV. kerület', 'Unknown']",0.0,0.956,26.9,102,Medium,1.0,0.065,0.043,XV. kerület Önkormányzati Rendészet
XV. kerület Újpalota Önkormányzata,34,0.412,14,81.5,30.0,17.69,15.0,47.549,47.534,47.599,34,19.13,19.112,19.148,1,['XV. kerület'],0.0,0.794,20.6,138,Low,1.0,0.065,0.036,XV. kerület Újpalota Önkormányzata
XVI. Kerületi Rendőrkapitányság,1,0.0,0,,,135.0,135.0,47.504,47.504,47.504,1,19.184,19.184,19.184,1,['XVI. kerület'],0.0,0.0,,999,Low,1.0,0.0,0.0,XVI. Kerületi Rendőrkapitányság
XVI. kerület Közterület-felügyeleti Csoport,65,0.538,35,83.6,79.0,69.778,42.0,47.52,47.505,47.54,65,19.182,19.145,19.232,3,"['XVI. kerület', 'XIV. kerület', 'V. kerület']",0.0,0.862,26.9,102,Medium,1.0,0.035,0.087,XVI. kerület Közterület-felügyeleti Csoport
XVI. kerületi Önkormányzat,244,0.525,128,81.836,55.0,31.603,7.0,47.516,47.496,47.538,244,19.188,19.146,19.237,2,"['XVI. kerület', 'XVII. kerület']",0.0,0.59,26.2,105,High,1.0,0.042,0.091,XVI. kerületi Önkormányzat
XVII. Kerületi Rendőrkapitányság,1,0.0,0,,,29.0,29.0,47.484,47.484,47.484,1,19.236,19.236,19.236,1,['XVII. kerület'],0.0,0.0,,999,Low,1.0,0.0,0.0,XVII. Kerületi Rendőrkapitányság
XVII. kerület Rákosmente Önkormányzata,305,0.554,169,62.325,41.0,52.068,40.0,47.478,47.45,47.507,305,19.253,19.219,19.316,3,"['XVII. kerület', 'XVI. kerület', 'Unknown']",0.0,0.652,27.7,98,High,1.0,0.057,0.097,XVII. kerület Rákosmente Önkormányzata
XVIII. kerület Közterület-felügyeleti Csoport,71,0.268,19,66.211,35.0,49.881,43.0,47.435,47.399,47.489,71,19.184,19.064,19.229,1,['XVIII. kerület'],0.0,0.831,13.4,163,Medium,1.0,0.09,0.165,XVIII. kerület Közterület-felügyeleti Csoport
XVIII. kerület Pestszentlőrinc-Pestszentimre Önkormányzata,21,0.524,11,105.545,66.0,29.524,13.0,47.437,47.398,47.455,21,19.187,19.167,19.223,1,['XVIII. kerület'],0.0,0.667,26.2,105,Low,1.0,0.057,0.056,XVIII. kerület Pestszentlőrinc-Pestszentimre Önkormányzata
XVIII. kerület Pestszentlőrinc-Pestszentimrei Fenntartható Fejlődés Főosztály,15,0.8,12,33.417,23.0,25.5,13.5,47.422,47.39,47.457,15,19.194,19.165,19.234,1,['XVIII. kerület'],0.0,0.667,40.0,46,Low,1.0,0.067,0.069,XVIII. kerület Pestszentlőrinc-Pestszentimrei Fenntartható Fejlődés Főosztály
XVIII. kerület Városgazda NZrt.,174,0.54,94,87.564,47.5,43.309,40.0,47.437,47.39,47.462,174,19.183,19.161,19.224,2,"['XVIII. kerület', 'XIX. kerület']",0.0,0.672,27.0,101,Medium,1.0,0.072,0.063,XVIII. kerület Városgazda NZrt.
XVIII. kerรผlet Vรกrosgazda NZrt.,1,1.0,1,10.0,10.0,7.0,7.0,47.438,47.438,47.438,1,19.194,19.194,19.194,1,['Unknown'],0.0,1.0,70.0,11,Low,1.0,0.0,0.0,XVIII. kerรผlet Vรกrosgazda NZrt.
XX. kerület Pesterzsébet Önkormányzata,547,0.6,328,151.14,99.5,40.973,18.5,47.438,47.421,47.453,547,19.112,19.089,19.159,4,"['XX. kerület', 'XXIII. kerület', 'XIX. kerület', 'Unknown']",0.0,0.525,30.0,85,Very High,1.0,0.032,0.07,XX. kerület Pesterzsébet Önkormányzata
XX. kerület Rendvédelmi Osztály,130,0.685,89,58.607,41.0,8.46,2.0,47.436,47.421,47.452,130,19.11,19.092,19.133,3,"['XX. kerület', 'XXIII. kerület', 'IX. kerület']",0.0,0.785,34.2,67,Medium,1.0,0.031,0.041,XX. kerület Rendvédelmi Osztály
XX. kerรผlet Rendvรฉdelmi Osztรกly,1,0.0,0,,,4.0,4.0,47.431,47.431,47.431,1,19.094,19.094,19.094,1,['Unknown'],0.0,1.0,,999,Low,1.0,0.0,0.0,XX. kerรผlet Rendvรฉdelmi Osztรกly
XX. és XXIII. Kerületi Rendőrkapitányság,5,0.2,1,361.0,361.0,53.2,53.0,47.438,47.423,47.448,5,19.124,19.11,19.132,2,"['XX. kerület', 'XXIII. kerület']",0.0,0.8,10.0,171,Low,1.0,0.025,0.022,XX. és XXIII. Kerületi Rendőrkapitányság
XXI. kerület Csepel Városrendészeti Igazgatóság,141,0.404,57,125.298,103.0,48.264,41.0,47.422,47.395,47.447,141,19.072,19.051,19.106,1,['XXI. kerület'],0.0,0.695,20.2,140,Medium,1.0,0.052,0.055,XXI. kerület Csepel Városrendészeti Igazgatóság
XXI. kerület Csepel Önkormányzata,12,0.583,7,94.429,40.0,18.667,11.0,47.409,47.388,47.429,12,19.07,19.048,19.103,1,['XXI. kerület'],0.0,0.583,29.2,88,Low,1.0,0.041,0.055,XXI. kerület Csepel Önkormányzata
XXI. kerület Csepeli Városfejlesztési NKft.,6,0.333,2,37.0,37.0,25.333,17.0,47.419,47.394,47.433,6,19.08,19.058,19.1,1,['XXI. kerület'],0.0,0.5,16.7,157,Low,1.0,0.039,0.042,XXI. kerület Csepeli Városfejlesztési NKft.
XXI. kerület Csepeli Városgazda NZrt.,202,0.609,123,84.854,36.0,29.041,17.0,47.422,47.388,47.459,202,19.074,19.052,19.107,2,"['XXI. kerület', 'XX. kerület']",0.0,0.688,30.4,83,High,1.0,0.071,0.055,XXI. kerület Csepeli Városgazda NZrt.
XXII. kerÃület KÃzterÃület-felÃügyeleti Csoport,1,0.0,0,,,11.0,11.0,47.397,47.397,47.397,1,18.997,18.997,18.997,1,['Unknown'],0.0,1.0,,999,Low,1.0,0.0,0.0,XXII. kerÃület KÃzterÃület-felÃügyeleti Csoport
XXII. kerület Budafok-Tétény Önkormányzata,131,0.466,61,72.262,46.0,41.727,40.0,47.421,47.389,47.446,131,19.021,18.958,19.044,2,"['XXII. kerület', 'Unknown']",0.0,0.748,23.3,127,Medium,1.0,0.057,0.086,XXII. kerület Budafok-Tétény Önkormányzata
XXII. kerület Közterület-felügyeleti Csoport,85,0.753,64,52.984,36.0,32.633,27.0,47.412,47.388,47.438,85,19.015,18.969,19.042,2,"['XXII. kerület', 'Unknown']",0.0,0.906,37.6,54,Medium,1.0,0.05,0.073,XXII. kerület Közterület-felügyeleti Csoport
XXIII. kerület Soroksár Rendészeti Osztály,55,0.745,41,50.585,42.0,26.571,40.0,47.412,47.394,47.426,55,19.121,19.094,19.16,3,"['XXIII. kerület', 'Unknown', 'XX. kerület']",0.0,0.764,37.2,56,Medium,1.0,0.032,0.066,XXIII. kerület Soroksár Rendészeti Osztály
XXIII. kerület Soroksár Önkormányzata,73,0.479,35,60.029,57.0,53.606,41.0,47.409,47.378,47.429,73,19.122,19.093,19.174,3,"['Unknown', 'XXIII. kerület', 'XX. kerület']",0.0,0.836,24.0,125,Medium,1.0,0.051,0.081,XXIII. kerület Soroksár Önkormányzata
dm Drogerie Markt,2,0.5,1,3.0,3.0,3.0,3.0,47.44,47.439,47.441,2,19.102,19.101,19.103,1,['XX. kerület'],0.0,1.0,63.4,15,Low,1.0,0.002,0.002,dm Drogerie Markt
Állatorvostudományi Egyetem,2,0.5,1,289.0,289.0,193.5,193.5,47.505,47.505,47.505,2,19.074,19.074,19.074,1,['VII. kerület'],0.0,0.5,25.0,108,Low,1.0,0.0,0.0,Állatorvostudományi Egyetem
Árkád Budapest,5,0.2,1,248.0,248.0,4.0,2.5,47.503,47.502,47.503,5,19.138,19.137,19.142,1,['X. kerület'],0.0,0.4,18.6,149,Low,1.0,0.001,0.005,Árkád Budapest
Építésügyi és Közlekedési Minisztérium,3,0.333,1,28.0,28.0,47.333,4.0,47.475,47.464,47.492,3,19.068,19.064,19.071,2,"['IX. kerület', 'VIII. kerület']",0.0,0.333,18.7,148,Low,1.0,0.028,0.007,Építésügyi és Közlekedési Minisztérium
Észak-Budapesti Tankerületi Központ,6,0.167,1,110.0,110.0,44.167,46.0,47.562,47.522,47.599,6,19.079,19.044,19.162,3,"['III. kerület', 'XVI. kerület', 'IV. kerület']",0.0,0.333,8.4,173,Low,1.0,0.077,0.118,Észak-Budapesti Tankerületi Központ
Óbudai Kulturális Központ,1,0.0,0,,,41.0,41.0,47.598,47.598,47.598,1,19.052,19.052,19.052,1,['III. kerület'],0.0,1.0,,999,Low,1.0,0.0,0.0,Óbudai Kulturális Központ
Óbudai Nagy László Magyar-Angol Két Tanítási Nyelvű Általános Iskola,1,0.0,0,,,423.0,423.0,47.544,47.544,47.544,1,19.031,19.031,19.031,1,['III. kerület'],0.0,0.0,,999,Low,1.0,0.0,0.0,Óbudai Nagy László Magyar-Angol Két Tanítási Nyelvű Általános Iskola
Újbuda Center,1,0.0,0,,,3.0,3.0,47.458,47.458,47.458,1,19.052,19.052,19.052,1,['XI. kerület'],0.0,0.0,,999,Low,1.0,0.0,0.0,Újbuda Center
