url,title,address,latitude,longitude,category,status,is_solved
https://jarokelo.hu/bejelentesek/budapest/167629/lefagyott-kozlekedesi-lampa,Lefagyott közlekedési lámpa,"Budapest, XIV. kerület, Zugló, Rákospatak u. 33",47.52538,19.11571,Forgalomtechnika,MEGOLDOTT,False
https://jarokelo.hu/bejelentesek/budapest/167626/jardaszegely-eldobva,Járdaszegély eldobva,"Budapest, II. kerület, Széna tér",47.50788660281041,19.026742361829022,Járda,MEGOLDOTT,False
https://jarokelo.hu/bejelentesek/budapest/167625/firkas-epulet,Firkás épület,"Budapest, II. kerület, Széll Kálmán tér",47.50712493260416,19.025152444152415,Graffiti,MEGOLDOTT,False
https://jarokelo.hu/bejelentesek/budapest/167624/minosithetetlen-allapotu-fizetos-parkolo,Minősíthetetlen állapotú fizetős parkoló,"Budapest, III. kerület, Óbuda-Békásmegyer, Törzs u. 3",47.54321018913516,19.036061925121995,Kátyú,MEGOLDÁSRA VÁR,True
https://jarokelo.hu/bejelentesek/budapest/167623/elfordult-tabla,Elfordult tábla,"Budapest, III. kerület, Óbuda-Békásmegyer, Vörösvári út 52-54",47.54358678888695,19.036307347260152,Forgalomtechnika,MEGERŐSÍTÉSRE VÁR,False
https://jarokelo.hu/bejelentesek/budapest/167621/fedlap-es-jardahibak,Fedlap és járdahibák,"Budapest, VI. kerület, Terézváros, Király u. 80",47.50449136271229,19.06755286334924,Közművek,VÁLASZRA VÁR,False
https://jarokelo.hu/bejelentesek/budapest/167620/megdolt-tabla,Megdőlt tábla,"Budapest, VII. kerület, Erzsébetváros, Király u. 65",47.5036470016193,19.066343187151496,Forgalomtechnika,MEGERŐSÍTÉSRE VÁR,False
https://jarokelo.hu/bejelentesek/budapest/167618/rozsdas-korlat,Rozsdás korlát,"Budapest, XIII. kerület, Váci út 112",47.531198480707054,19.06589095136876,Egyéb,MEGOLDATLAN,False
https://jarokelo.hu/bejelentesek/budapest/167615/fedlaphibak-jarda-sullyedes,"Fedlaphibák, járda süllyedés","Budapest, XIII. kerület, Zsilip u. 2",47.53068596602823,19.065587861741797,Közművek,MEGOLDOTT,False
https://jarokelo.hu/bejelentesek/budapest/167613/firkalt-szekreny,Firkált szekrény,"Budapest, XIII. kerület, Zsilip u. 2",47.530695021101145,19.065579815115406,Graffiti,VÁLASZRA VÁR,False
https://jarokelo.hu/bejelentesek/budapest/167612/jardahiba-parkolo-reszen,Járdahiba (parkoló részen),"Budapest, XIII. kerület, Váci út 104",47.53002494146384,19.06539206047434,Járda,MEGOLDÁSRA VÁR,True
https://jarokelo.hu/bejelentesek/budapest/167501/borzaszto-allapotu-forgalmas-ut,"Borzasztó állapotú, forgalmas út","Budapest, VII. kerület, Erzsébetváros, Király utca / Erzsébet körút",47.50313803060318,19.06577427348639,Kátyú,MEGOLDÁSRA VÁR,True
https://jarokelo.hu/bejelentesek/budapest/167500/fedlaphiany,Fedlaphiány,"Budapest, III. kerület, Óbuda-Békásmegyer, Vörösvári út 52-54",47.543372297750366,19.03671689483423,Közművek,MEGOLDOTT,False
https://jarokelo.hu/bejelentesek/budapest/167499/hianyos-elektromos-doboz,Hiányos elektromos doboz,"Budapest, III. kerület, Óbuda-Békásmegyer, Vörösvári út 52-54",47.54329715876678,19.03675042244419,Közművek,MEGOLDOTT,False
https://jarokelo.hu/bejelentesek/budapest/167498/fenyo-es-zoldhulladek,Fenyő és zöldhulladék,"Budapest, III. kerület, Óbuda-Békásmegyer, Törzs u. 2",47.543026476472946,19.036793337794524,Parkok és zöldterületek,MEGOLDOTT,False
https://jarokelo.hu/bejelentesek/budapest/167497/rongalt-uvegfelulet,Rongált üvegfelület,"Budapest, II. kerület, Széll Kálmán tér 1025",47.50706061266132,19.024723290765145,Graffiti,MEGOLDATLAN,False
https://jarokelo.hu/bejelentesek/budapest/167496/rongalt-automata,Rongált automata,"Budapest, II. kerület, Margit híd",47.514548308701706,19.038729219895075,Graffiti,MEGERŐSÍTÉSRE VÁR,False
https://jarokelo.hu/bejelentesek/budapest/167495/betontombok-es-oszlop-a-fahoz-lancolva,Betontömbök és oszlop a fához láncolva,"Budapest, V. kerület, Belváros-Lipótváros, Október 6. u. 26",47.50303537348039,19.05040172599916,Parkok és zöldterületek,MEGERŐSÍTÉSRE VÁR,False
https://jarokelo.hu/bejelentesek/budapest/167494/rongalt-kozmuszekrenyek,Rongált közműszekrények,"Budapest, V. kerület, Belváros-Lipótváros, Október 6. u. 26",47.503055305138794,19.050399043828598,Graffiti,VÁLASZRA VÁR,False
https://jarokelo.hu/bejelentesek/budapest/167493/sullyedo-ut,Süllyedő út,"Budapest, III. kerület, Óbuda-Békásmegyer, Királyok útja 247",47.59286982850059,19.06643379240701,Kátyú,MEGERŐSÍTÉSRE VÁR,False
https://jarokelo.hu/bejelentesek/budapest/167490/rossz-allapotu-ut-sullyedt-fedlap,"Rossz állapotú út, süllyedt fedlap","Budapest, III. kerület, Óbuda-Békásmegyer, Királyok útja 245",47.5927016036527,19.066368078283137,Kátyú,MEGERŐSÍTÉSRE VÁR,False
https://jarokelo.hu/bejelentesek/budapest/167489/szetesett-fatamasztek,Szétesett fatámaszték,"Budapest, III. kerület, Óbuda-Békásmegyer, Királyok útja 211",47.590868973712,19.065646412985185,Parkok és zöldterületek,MEGOLDATLAN,False
https://jarokelo.hu/bejelentesek/budapest/167487/tonkrement-ut,Tönkrement út,"Budapest, III. kerület, Óbuda-Békásmegyer, Királyok útja 195",47.59023635368657,19.065596577665673,Kátyú,MEGERŐSÍTÉSRE VÁR,False
https://jarokelo.hu/bejelentesek/budapest/167486/nagy-mennyisegu-ag,Nagy mennyiségű ág,"Budapest, III. kerület, Óbuda-Békásmegyer, Sinkovits Imre u. 2",47.59006676365148,19.06509098127013,Parkok és zöldterületek,MEGOLDATLAN,False
https://jarokelo.hu/bejelentesek/budapest/167485/betontomb-a-fuben,Betontömb a fűben,"Budapest, III. kerület, Óbuda-Békásmegyer, Királyok útja 178",47.590056814352565,19.06510372176192,Parkok és zöldterületek,MEGERŐSÍTÉSRE VÁR,False
https://jarokelo.hu/bejelentesek/budapest/167484/kijart-mocsaras-terulet,Kijárt mocsaras terület,"Budapest, III. kerület, Óbuda-Békásmegyer, Királyok útja 267",47.59489229669863,19.066882107548494,Parkok és zöldterületek,MEGOLDÁSRA VÁR,True
https://jarokelo.hu/bejelentesek/budapest/166947/rongalt-szekreny,Rongált szekrény,"Budapest, II. kerület, Kapás u. 31",47.509492262698195,19.03373171930829,Graffiti,MEGOLDÁSRA VÁR,True
https://jarokelo.hu/bejelentesek/budapest/166946/rongalt-postalada,Rongált postaláda,"Budapest, II. kerület, Varsányi Irén u. 1",47.50948592158518,19.033399125417457,Graffiti,MEGOLDOTT,False
https://jarokelo.hu/bejelentesek/budapest/166944/rongalt-telekom-szekrenyek,Rongált telekom szekrények,"Budapest, II. kerület, Varsányi Irén u. 1",47.509455121882525,19.033210029697262,Graffiti,MEGOLDÁSRA VÁR,True
https://jarokelo.hu/bejelentesek/budapest/166943/rongalt-parkoloautomata,Rongált parkolóautomata,"Budapest, VI. kerület, Terézváros, Király u. 80",47.50454390833534,19.067648081819264,Graffiti,MEGOLDOTT,False
https://jarokelo.hu/bejelentesek/budapest/166942/pocsek-allapotu-fahely,Pocsék állapotú fahely,"Budapest, VII. kerület, Erzsébetváros, Erzsébet krt. 51",47.50288507183461,19.0663780558676,Parkok és zöldterületek,MEGOLDATLAN,False
https://jarokelo.hu/bejelentesek/budapest/166941/rongalt-fahely,Rongált fahely,"Budapest, VII. kerület, Erzsébetváros, Király u. 77",47.50446146603385,19.067830472080878,Graffiti,MEGOLDOTT,False
https://jarokelo.hu/bejelentesek/budapest/166938/rongalt-tuzcsap,Rongált tűzcsap,"Budapest, VII. kerület, Erzsébetváros, Király u. 77",47.504475961392814,19.06783583649847,Graffiti,MEGERŐSÍTÉSRE VÁR,False
https://jarokelo.hu/bejelentesek/budapest/166937/agyonrongalt-szemetes,Agyonrongált szemetes,"Budapest, VII. kerület, Erzsébetváros, Csengery u. 32",47.50446690179394,19.067834495394074,Köztisztaság,MEGOLDOTT,False
https://jarokelo.hu/bejelentesek/budapest/166936/tabla-nem-megfeleloen-all,Tábla nem megfelelően áll,"Budapest, VI. kerület, Terézváros, Király u. 80",47.50445059451072,19.067794262085975,Forgalomtechnika,MEGERŐSÍTÉSRE VÁR,False
https://jarokelo.hu/bejelentesek/budapest/169705/kiszaradt-fa,Kiszáradt fa,"Budapest, XIV. kerület, Zugló, Komócsy utca",47.52147,19.12388,Parkok és zöldterületek,MEGOLDÁSRA VÁR,True
https://jarokelo.hu/bejelentesek/budapest/169677/abroncs-es-felnigyilkos-katyu,Abroncs- és felnigyilkos kátyú,"Budapest, III. kerület, Óbuda-Békásmegyer, Hévízi út 8c",47.5493094,19.0353349,Kátyú,MEGERŐSÍTÉSRE VÁR,False
https://jarokelo.hu/bejelentesek/budapest/169408/fedlap-kozepe-hianyzik,Fedlap közepe hiányzik,"Budapest, II. kerület, Szász Károly u. 2",47.50945013957285,19.032662859095915,Egyéb,MEGERŐSÍTÉSRE VÁR,False
https://jarokelo.hu/bejelentesek/budapest/169407/firkalt-parkoloautomata,Firkált parkolóautomata,"Budapest, II. kerület, Varsányi Irén u. 10",47.50937540491796,19.03266822351351,Graffiti,MEGOLDOTT,False
https://jarokelo.hu/bejelentesek/budapest/169406/firkalt-viraglada,Firkált virágláda,"Budapest, II. kerület, Kapás u. 22",47.50937721666035,19.033606996608164,Graffiti,MEGERŐSÍTÉSRE VÁR,False
https://jarokelo.hu/bejelentesek/budapest/169404/rozsdas-oszlop,Rozsdás oszlop,"Budapest, X. kerület, Kőbánya, Gyakorló u. 2",47.501475026929,19.137225661154627,Közművek,MEGOLDOTT,False
https://jarokelo.hu/bejelentesek/budapest/169403/graffitis-szekreny,Graffitis szekrény,"Budapest, X. kerület, Kőbánya, Gyakorló u. 2",47.50124127540638,19.137169334789053,Graffiti,MEGERŐSÍTÉSRE VÁR,False
https://jarokelo.hu/bejelentesek/budapest/169402/elkepesztoen-rossz-ut,Elképesztően rossz út,"Budapest, X. kerület, Kőbánya, Gyakorló u. 2",47.501186008423645,19.13744560229515,Kátyú,MEGOLDÁSRA VÁR,True
https://jarokelo.hu/bejelentesek/budapest/169401/zoldhulladek,Zöldhulladék,"Budapest, II. kerület, Keleti Károly u. 47",47.51295353237282,19.02397932900607,Köztisztaság,MEGOLDÁSRA VÁR,True
https://jarokelo.hu/bejelentesek/budapest/169400/rongalt-szekreny,Rongált szekrény,"Budapest, II. kerület, Erdélyi János tér",47.51414690853492,19.024314143762748,Graffiti,MEGOLDÁSRA VÁR,True
https://jarokelo.hu/bejelentesek/budapest/169399/rengeteg-szemet-es-orrfacsaro-buz,Rengeteg szemét és orrfacsaró bűz,"Budapest, II. kerület, Erdélyi János tér",47.51415868384119,19.02431280265835,Köztisztaság,MEGERŐSÍTÉSRE VÁR,False
https://jarokelo.hu/bejelentesek/budapest/169253/poller-a-kidoles-szelen,Poller a kidőlés szélén,"Budapest, I. kerület, Várkerület, Gyorskocsi u. 3",47.506923332233946,19.037202104230037,Forgalomtechnika,MEGERŐSÍTÉSRE VÁR,False
https://jarokelo.hu/bejelentesek/budapest/169252/oktalan-savelhuzas,Oktalan sávelhúzás,"Budapest, II. kerület, Bem rkp. 47",47.51150164008401,19.039215102072408,Egyéb,MEGOLDOTT,False
https://jarokelo.hu/bejelentesek/budapest/169251/kidobott-fenyofa,Kidobott fenyőfa,"Budapest, II. kerület, Bem rkp. 43",47.50999973824989,19.03913463581264,Köztisztaság,MEGOLDOTT,False
https://jarokelo.hu/bejelentesek/budapest/169250/szeteso-oszlop,Széteső oszlop,"Budapest, II. kerület, Széna tér",47.508280276691174,19.027780944479886,Közművek,MEGOLDOTT,False
https://jarokelo.hu/bejelentesek/budapest/169249/firkas-szokokut,Firkás szökőkút,"Budapest, II. kerület, Széna tér",47.50836090120867,19.027817154298646,Graffiti,MEGOLDOTT,False
https://jarokelo.hu/bejelentesek/budapest/168922/szemettelep-a-parkoloban,Szeméttelep a parkolóban,"Budapest, XXIII. kerület, Soroksár, Ócsai út",47.3771382,19.1326462,Köztisztaság,MEGOLDATLAN,False
https://jarokelo.hu/bejelentesek/budapest/168633/evek-ota-elsullyedo-fedlap,Évek óta elsüllyedő fedlap,"Budapest, VIII. kerület, Józsefváros, Asztalos Sándor út 3",47.4976856,19.0995033,Közművek,MEGOLDÁSRA VÁR,True
https://jarokelo.hu/bejelentesek/budapest/168221/katyus-utca,Kátyús utca,"Budapest, IV. kerület, Újpest, Erdősor út 31",47.576968,19.107748972222225,Kátyú,MEGOLDOTT,False
https://jarokelo.hu/bejelentesek/budapest/168104/aszfaltpup,Aszfaltpúp,"Budapest, III. kerület, Óbuda-Békásmegyer, Mozaik u. 7",47.55040345347635,19.04772737528889,Kátyú,MEGOLDÁSRA VÁR,True
https://jarokelo.hu/bejelentesek/budapest/168102/rongalt-szekreny,Rongált szekrény,"Budapest, XII. kerület, Hegyvidék, Csörsz utca",47.49075622771452,19.024653157699525,Graffiti,MEGERŐSÍTÉSRE VÁR,False
https://jarokelo.hu/bejelentesek/budapest/168101/hibas-tabla,Hibás tábla,"Budapest, XII. kerület, Hegyvidék, Csörsz utca",47.49010013728827,19.02458207916085,Forgalomtechnika,MEGOLDATLAN,False
https://jarokelo.hu/bejelentesek/budapest/168099/pocsek-allapotu-atjaro,Pocsék állapotú átjáró,"Budapest, XII. kerület, Hegyvidék, Csörsz utca",47.49002310956315,19.024580738043163,Kátyú,MEGOLDÁSRA VÁR,True
https://jarokelo.hu/bejelentesek/budapest/168098/ferde-fedlap,Ferde fedlap,"Budapest, I. kerület, Várkerület, Déli pályaudvar M",47.50105690656429,19.023945244942013,Kátyú,MEGOLDOTT,False
https://jarokelo.hu/bejelentesek/budapest/168097/tonkrement-utcabutorok,Tönkrement utcabútorok,"Budapest, II. kerület, Széll Kálmán tér M",47.50670048670309,19.02484700808254,Parkok és zöldterületek,MEGERŐSÍTÉSRE VÁR,False
https://jarokelo.hu/bejelentesek/budapest/168096/borzaszto-allapotu-ut,Borzasztó állapotú út,"Budapest, I. kerület, Várkerület, Széna tér 7",47.50752450596724,19.02677091490655,Kátyú,MEGOLDATLAN,False
https://jarokelo.hu/bejelentesek/budapest/168095/megdolt-tabla-rongalt-szemetes,"Megdőlt tábla, rongált szemetes","Budapest, I. kerület, Várkerület, Széna tér 1",47.5036470016193,19.066343187151496,Forgalomtechnika,MEGERŐSÍTÉSRE VÁR,False
https://jarokelo.hu/bejelentesek/budapest/168094/fedlaphiany,Fedlaphiány,"Budapest, II. kerület, Csalogány u. 45b",47.5079702104223,19.029514144180624,Közművek,MEGOLDOTT,False
https://jarokelo.hu/bejelentesek/budapest/168093/megdolt-tabla,Megdőlt tábla,"Budapest, II. kerület, Csalogány u. 55",47.50805581785601,19.02810933720682,Forgalomtechnika,MEGERŐSÍTÉSRE VÁR,False
https://jarokelo.hu/bejelentesek/budapest/167845/szemetlerakat,Szemétlerakat,"Budapest, X. kerület, Kőbánya, Jászberényi út 119",47.486394,19.2097634,Köztisztaság,MEGERŐSÍTÉSRE VÁR,False
https://jarokelo.hu/bejelentesek/budapest/167830/serult-szemetes,Sérült szemetes,"Budapest, VIII. kerület, Józsefváros, Hungária krt. 26",47.4955686,19.1089819,Köztisztaság,MEGOLDOTT,False
https://jarokelo.hu/bejelentesek/budapest/167745/sarga-rovarcsapda-kozteruleten,Sárga rovarcsapda közterületen?,"Budapest, XIII. kerület, Tahi u. 62",47.540161,19.082491,Parkok és zöldterületek,MEGERŐSÍTÉSRE VÁR,False
https://jarokelo.hu/bejelentesek/budapest/171978/tonkrement-utjavitas,Tönkrement útjavítás,"Budapest, III. kerület, Óbuda-Békásmegyer, Madzsar József utca / Pünkösdfürdő utca",47.594810900799125,19.0536574762939,Kátyú,MEGOLDÁSRA VÁR,True
https://jarokelo.hu/bejelentesek/budapest/171980/gazos-viragladak,Gazos virágládák,"Budapest, III. kerület, Óbuda-Békásmegyer, Heltai Jenő tér 4",47.59715584324589,19.057229664490432,Parkok és zöldterületek,MEGOLDÁSRA VÁR,True
https://jarokelo.hu/bejelentesek/budapest/171981/balesetes-poller,Balesetes poller,"Budapest, III. kerület, Óbuda-Békásmegyer, Heltai Jenő tér 1",47.59720829604819,19.057228323386035,Forgalomtechnika,MEGOLDÁSRA VÁR,True
https://jarokelo.hu/bejelentesek/budapest/171982/katyus-repedezett-ut,"Kátyús, repedezett út","Budapest, III. kerület, Óbuda-Békásmegyer, Füst Milán u. 1",47.59892381881139,19.05946835154798,Kátyú,MEGOLDÁSRA VÁR,True
https://jarokelo.hu/bejelentesek/budapest/171985/roncsbol-mar-folyik-is-valami,Roncsból már folyik is valami,"Budapest, III. kerület, Óbuda-Békásmegyer, Gyűrű u. 12",47.59915713506405,19.060545258422373,Elhagyott jármű,VÁLASZRA VÁR,False
https://jarokelo.hu/bejelentesek/budapest/171986/elfordult-megdolt-tabla,"Elfordult, megdőlt tábla","Budapest, III. kerület, Óbuda-Békásmegyer, Losonc u. 2",47.57711583597436,19.063231425192356,Forgalomtechnika,MEGOLDÁSRA VÁR,True
https://jarokelo.hu/bejelentesek/budapest/171988/rossz-allapotu-ut,Rossz állapotú út,"Budapest, III. kerület, Óbuda-Békásmegyer, Királyok útja 15",47.57755144775681,19.063281784962925,Kátyú,MEGOLDÁSRA VÁR,True
https://jarokelo.hu/bejelentesek/budapest/171989/sullyedt-fedlap-es-ut,Süllyedt fedlap és út,"Budapest, III. kerület, Óbuda-Békásmegyer, Szent János utca",47.57876146932201,19.063766525894213,Közművek,MEGOLDÁSRA VÁR,True
https://jarokelo.hu/bejelentesek/budapest/171990/aszfalthiany-a-fedlap-korul,Aszfalthiány a fedlap körül,"Budapest, III. kerület, Óbuda-Békásmegyer, Királyok útja 89",47.583265858126225,19.064791510860815,Kátyú,MEGOLDÁSRA VÁR,True
https://jarokelo.hu/bejelentesek/budapest/171991/megsullyedt-fedlapok,Megsüllyedt fedlapok,"Budapest, III. kerület, Óbuda-Békásmegyer, Királyok útja 105",47.58416776283025,19.064897193022556,Közművek,MEGOLDÁSRA VÁR,True
https://jarokelo.hu/bejelentesek/budapest/171552/kidolt-poller,Kidőlt poller,"Budapest, VIII. kerület, Józsefváros, 1082 Budapest Corvin-negyed Kisfaludy utca 40. fszt. 4. Kapucsengő: 4",47.4853206439338,19.071772118512342,Forgalomtechnika,MEGERŐSÍTÉSRE VÁR,False
https://jarokelo.hu/bejelentesek/budapest/171551/rongalt-tablak,Rongált táblák,"Budapest, VIII. kerület, Józsefváros, Vajdahunyad u. 54",47.48475676860926,19.072642244409103,Forgalomtechnika,MEGOLDOTT,False
https://jarokelo.hu/bejelentesek/budapest/171550/graffitis-epulet,Graffitis épület,"Budapest, III. kerület, Óbuda-Békásmegyer, Kunigunda útja 7",47.548484344604915,19.03453490043119,Graffiti,MEGOLDÁSRA VÁR,True
https://jarokelo.hu/bejelentesek/budapest/171548/elfordult-tabla-nincs-felfestes,"Elfordult tábla, nincs felfestés","Budapest, III. kerület, Óbuda-Békásmegyer, Bogdáni út 15",47.550231351568684,19.038650750156094,Forgalomtechnika,MEGERŐSÍTÉSRE VÁR,False
https://jarokelo.hu/bejelentesek/budapest/171547/komoly-fedlaphiba,Komoly fedlaphiba,"Budapest, III. kerület, Óbuda-Békásmegyer, Gázgyár u. 1",47.5613998863722,19.05303118908336,Közművek,VÁLASZRA VÁR,False
https://jarokelo.hu/bejelentesek/budapest/171546/mocsaras-parkolo-600ft-ert,Mocsaras parkoló 600Ft-ért,"Budapest, II. kerület, Csalogány u. 41",47.5078696554888,19.031849677359524,Parkolás,MEGERŐSÍTÉSRE VÁR,False
https://jarokelo.hu/bejelentesek/budapest/171545/egyre-rosszabb-a-fal-allapota,Egyre rosszabb a fal állapota,"Budapest, I. kerület, Várkerület, Déli pályaudvar M",47.500610237419494,19.025012764075907,Egyéb,VÁLASZRA VÁR,False
https://jarokelo.hu/bejelentesek/budapest/171544/borzaszto-rossz-az-ut,Borzasztó rossz az út,"Budapest, I. kerület, Várkerület, Déli Pályaudvar M",47.500972646779175,19.024393173842924,Kátyú,MEGOLDÁSRA VÁR,True
https://jarokelo.hu/bejelentesek/budapest/171513/elfordult-tabla,Elfordult tábla,"Budapest, III. kerület, Óbuda-Békásmegyer, Királyok útja 38",47.57972401168001,19.0640464027517,Forgalomtechnika,MEGERŐSÍTÉSRE VÁR,False
https://jarokelo.hu/bejelentesek/budapest/171512/tonkrement-javitas,Tönkrement javítás,"Budapest, III. kerület, Óbuda-Békásmegyer, Királyok útja 50",47.580440672550324,19.064156943869982,Kátyú,MEGOLDÁSRA VÁR,True
https://jarokelo.hu/bejelentesek/budapest/171511/rendkivul-sok-katyu,Rendkívül sok kátyú,"Budapest, III. kerület, Óbuda-Békásmegyer, Királyok útja 60",47.58093716762404,19.06428745037486,Kátyú,MEGOLDÁSRA VÁR,True
https://jarokelo.hu/bejelentesek/budapest/171510/repedezett-ut-a-megsullyedt-fedlap-korul,Repedezett út a megsüllyedt fedlap körül,"Budapest, III. kerület, Óbuda-Békásmegyer, Királyok útja 60",47.580944404738744,19.06429214424025,Kátyú,MEGOLDÁSRA VÁR,True
https://jarokelo.hu/bejelentesek/budapest/171509/repedezett-az-ut-a-fedlap-korul,Repedezett az út a fedlap körül,"Budapest, III. kerület, Óbuda-Békásmegyer, Királyok útja 55",47.58008769094284,19.064054829674287,Kátyú,MEGOLDÁSRA VÁR,True
https://jarokelo.hu/bejelentesek/budapest/171508/rossz-minosegu-ut,Rossz minőségű út,"Budapest, III. kerület, Óbuda-Békásmegyer, Királyok útja 141",47.58652363479247,19.065160476318333,Kátyú,MEGOLDÁSRA VÁR,True
https://jarokelo.hu/bejelentesek/budapest/171507/megsullyedt-uttest,Megsüllyedt úttest,"Budapest, I. kerület, Várkerület, Vérmező út 14",47.50606757069977,19.02491838760386,Kátyú,MEGERŐSÍTÉSRE VÁR,False
https://jarokelo.hu/bejelentesek/budapest/171506/fedlap-koruli-uthiba,Fedlap körüli úthiba,"Budapest, I. kerület, Várkerület, 15/b",47.5059262450644,19.0250618857745,Kátyú,MEGOLDOTT,False
https://jarokelo.hu/bejelentesek/budapest/171505/nyitott-fedel,Nyitott fedél,"Budapest, II. kerület, Csalogány u. 23",47.50784338434672,19.03329136470634,Közművek,MEGOLDOTT,False
https://jarokelo.hu/bejelentesek/budapest/171504/betondarab-zoldfeluleten,Betondarab zöldfelületen,"Budapest, I. kerület, Várkerület, Budapest 24",47.507555306813735,19.033426816250923,Parkok és zöldterületek,MEGOLDOTT,False
https://jarokelo.hu/bejelentesek/budapest/171402/forgalombol-kivont-gepjarmu-fcm42x-kozteruleten-parkol,Forgalomból kivont gépjármű (FCM42X) közterületen parkol,"Budapest, XII. kerület, Hegyvidék, Ormódi u. 16",47.488999,19.006468,Elhagyott jármű,MEGOLDATLAN,False
https://jarokelo.hu/bejelentesek/budapest/171379/eltakart-tablak,Eltakart táblák,"Budapest, XIV. kerület, Zugló, Komócsy utca",47.52154,19.12271,Parkok és zöldterületek,MEGOLDOTT,False
https://jarokelo.hu/bejelentesek/budapest/171275/kozvilagitas-este-egy-ido-utan-kialszik,Közvilágítás este egy idő után kialszik,"Budapest, XX. kerület, Pesterzsébet, Ilona u. 13",47.4442534,19.1093924,Közvilágítás,MEGOLDOTT,False
https://jarokelo.hu/bejelentesek/budapest/171186/torott-vasuti-kerites,Törött vasúti kerítés,"Budapest, III. kerület, Óbuda-Békásmegyer, Árpád fejedelem útja 103",47.536511,19.046947,Közösségi közlekedés,MEGERŐSÍTÉSRE VÁR,False
https://jarokelo.hu/bejelentesek/budapest/171185/allandoan-letepett-plakatok,Állandóan letépett plakátok,"Budapest, III. kerület, Óbuda-Békásmegyer, Árpád fejedelem útja 125",47.531189,19.043484,Egyéb,MEGOLDÁSRA VÁR,True
https://jarokelo.hu/bejelentesek/budapest/171183/buzlo-lepcso,Bűzlő lépcső,"Budapest, II. kerület, Széll Kálmán tér M",47.50677,19.025472,Köztisztaság,MEGOLDOTT,False
https://jarokelo.hu/bejelentesek/budapest/171182/molino,Molinó,"Budapest, II. kerület, Széll Kálmán tér M",47.506756,19.025499,Egyéb,MEGERŐSÍTÉSRE VÁR,False
https://jarokelo.hu/bejelentesek/budapest/171002/botlasveszelyes-jarda,Botlásveszélyes járda,"Budapest, III. kerület, Óbuda-Békásmegyer, Gyűrű u. 12",47.599227,19.060406,Járda,MEGOLDÁSRA VÁR,True
https://jarokelo.hu/bejelentesek/budapest/171000/gyanus-jarmu,Gyanús jármű,"Budapest, III. kerület, Óbuda-Békásmegyer, Füst Milán u. 3",47.600468,19.059821,Elhagyott jármű,VÁLASZRA VÁR,False
https://jarokelo.hu/bejelentesek/budapest/170997/rendszam-nelkuli-autok,Rendszám nélküli autók,"Budapest, III. kerület, Óbuda-Békásmegyer, Batthyány u. 70",47.591783,19.050991,Elhagyott jármű,MEGOLDOTT,False
https://jarokelo.hu/bejelentesek/budapest/170996/nyitott-elektromos-szekreny,Nyitott elektromos szekrény,"Budapest, III. kerület, Óbuda-Békásmegyer, Kossuth Lajos üdülőpart 136",47.594279,19.06923,Közművek,MEGOLDATLAN,False
https://jarokelo.hu/bejelentesek/budapest/170994/sok-szemet,Sok szemét,"Budapest, III. kerület, Óbuda-Békásmegyer, 11.",47.601543,19.059965,Köztisztaság,MEGOLDATLAN,False
https://jarokelo.hu/bejelentesek/budapest/170800/velelmezhetoen-hibas-tabla,Vélelmezhetően hibás tábla,"Budapest, XVIII. kerület, Pestszentlőrinc-Pestszentimre, Üllői út 392",47.4447711,19.1745871,Forgalomtechnika,MEGOLDÁSRA VÁR,True
https://jarokelo.hu/bejelentesek/budapest/174154/lyuk-a-hidon,Lyuk a hídon,"Budapest, IV. kerület, Újpest, Zsilip u. 9",47.5608428,19.0753642,Járda,VÁLASZRA VÁR,False
https://jarokelo.hu/bejelentesek/budapest/173771/szemetes-kidolt,Szemetes kidőlt,"Budapest, III. kerület, Óbuda-Békásmegyer, Ányos u. 5",47.57193,19.0498321,Köztisztaság,VÁLASZRA VÁR,False
https://jarokelo.hu/bejelentesek/budapest/173064/ez-nem-mehlegelo-csak-gondozatlan,"Ez nem méhlegelő, csak gondozatlan!","Budapest, III. kerület, Óbuda-Békásmegyer, Árpád fejedelem útja 77",47.53220854477304,19.04323972965859,Parkok és zöldterületek,MEGOLDOTT,False
https://jarokelo.hu/bejelentesek/budapest/173061/rengeteg-ag-kidobva,Rengeteg ág kidobva,"Budapest, III. kerület, Óbuda-Békásmegyer, Árpád fejedelem útja 125",47.53164895446624,19.04349453949823,Köztisztaság,MEGOLDATLAN,False
https://jarokelo.hu/bejelentesek/budapest/173060/betontomb-a-bokorban,Betontömb a bokorban,"Budapest, XIII. kerület, Népfürdő u. 17d",47.531122863323716,19.05815920325465,Parkok és zöldterületek,MEGOLDOTT,False
https://jarokelo.hu/bejelentesek/budapest/173059/rongalt-automata,Rongált automata,"Budapest, XIII. kerület, Viza utca",47.53010357981371,19.05799975952165,Graffiti,MEGOLDOTT,False
https://jarokelo.hu/bejelentesek/budapest/173057/rossz-allapotu-ut,Rossz állapotú út,"Budapest, XIII. kerület, Népfürdő u. 3a",47.52852071144229,19.05675521457752,Kátyú,MEGOLDATLAN,False
https://jarokelo.hu/bejelentesek/budapest/173051/felhaboritoan-rossz-ut,Felháborítóan rossz út,"Budapest, IX. kerület, Ferencváros, Közraktár u. 22. 2",47.48263493940891,19.063211829873897,Kátyú,MEGOLDÁSRA VÁR,True
https://jarokelo.hu/bejelentesek/budapest/173049/pocsek-allapotu-tablak,Pocsék állapotú táblák,"Budapest, IX. kerület, Ferencváros, Vámház krt. 5",47.4874591481538,19.05863195797215,Forgalomtechnika,MEGERŐSÍTÉSRE VÁR,False
https://jarokelo.hu/bejelentesek/budapest/173048/elfordult-rongalt-tabla,"Elfordult, rongált tábla","Budapest, IX. kerület, Ferencváros, Pipa u. 4",47.487073082755614,19.05904501817613,Forgalomtechnika,MEGERŐSÍTÉSRE VÁR,False
https://jarokelo.hu/bejelentesek/budapest/173047/megdolt-tabla,Megdőlt tábla,"Budapest, V. kerület, Belváros-Lipótváros, Képíró u 1",47.48967307875125,19.05949026459039,Forgalomtechnika,MEGOLDÁSRA VÁR,True
https://jarokelo.hu/bejelentesek/budapest/172698/laza-csatornafedel,Laza csatornafedél,"Budapest, VIII. kerület, Józsefváros, Tavaszmező u. 7-13",47.4906942,19.0772015,Közművek,VÁLASZRA VÁR,False
https://jarokelo.hu/bejelentesek/budapest/172619/hianyzo-zebrak,Hiányzó zebrák,"Budapest, III. kerület, Óbuda-Békásmegyer, Kiscelli u. 65",47.5388806,19.0343712,Forgalomtechnika,VÁLASZRA VÁR,False
https://jarokelo.hu/bejelentesek/budapest/172618/hianyzo-zebrak,Hiányzó zebrák,"Budapest, III. kerület, Óbuda-Békásmegyer, 0306-Kiscelli utca - Zápor utca",47.5390664,19.0358765,Forgalomtechnika,MEGOLDATLAN,False
https://jarokelo.hu/bejelentesek/budapest/172380/mely-katyu-csatornafedel,"Mély kátyú, csatornafedél","Budapest, IV. kerület, Újpest, Megyeri út 36",47.581905,19.090203,Kátyú,MEGOLDÁSRA VÁR,True
https://jarokelo.hu/bejelentesek/budapest/172321/zolditesi-javaslat,Zöldítési javaslat,"Budapest, II. kerület, Tölgyfa u. 2",47.51181698073511,19.0356791228962,Parkok és zöldterületek,MEGOLDATLAN,False
https://jarokelo.hu/bejelentesek/budapest/172304/nem-jol-van-beallitva-a-jelzolampa,Nem jól van beállítva a jelzőlámpa,"Budapest, III. kerület, Óbuda-Békásmegyer, Bécsi út 314",47.571343,19.017535,Forgalomtechnika,MEGOLDATLAN,False
https://jarokelo.hu/bejelentesek/budapest/176370/rongalt-utcanev-tabla,Rongált utcanév tábla,"Budapest, VIII. kerület, Józsefváros, Auróra u. 7",47.494290484120434,19.075984693619166,Graffiti,VÁLASZRA VÁR,False
https://jarokelo.hu/bejelentesek/budapest/176369/tabla-takarva,Tábla takarva,"Budapest, VIII. kerület, Józsefváros, Auróra Klímakert",47.49427825128867,19.076020903437925,Parkok és zöldterületek,VÁLASZRA VÁR,False
https://jarokelo.hu/bejelentesek/budapest/176368/foszlik-a-feluljaro,Foszlik a felüljáró,"Budapest, I. kerület, Várkerület, Döbrentei tér",47.49152777417788,19.04397845934281,Egyéb,MEGOLDÁSRA VÁR,True
https://jarokelo.hu/bejelentesek/budapest/176366/ures-vagy-kiszaradt-novenyes-viragladak,"Üres, vagy kiszáradt növényes virágládák","Budapest, I. kerület, Várkerület, Márvány u. 17",47.49557735105931,19.02400404890409,Parkok és zöldterületek,VÁLASZRA VÁR,False
https://jarokelo.hu/bejelentesek/budapest/176363/pocsek-allapotu-atjaro,Pocsék állapotú átjáró,"Budapest, I. kerület, Várkerület, Királyhágó utca",47.49554201262578,19.023639268507694,Kátyú,MEGOLDÁSRA VÁR,True
https://jarokelo.hu/bejelentesek/budapest/176362/pocsek-ut,Pocsék út,"Budapest, I. kerület, Várkerület, Fiáth János u. 22",47.50796680963329,19.02869021739717,Kátyú,MEGOLDÁSRA VÁR,True
https://jarokelo.hu/bejelentesek/budapest/176360/fedlap-kozepe-hianyzik,Fedlap közepe hiányzik,"Budapest, I. kerület, Várkerület, Batthyány tér 2",47.50673567767472,19.03826972673418,Járda,MEGOLDÁSRA VÁR,True
https://jarokelo.hu/bejelentesek/budapest/176358/pocsek-allapotu-jarda,Pocsék állapotú járda,"Budapest, II. kerület, Kapás u. 8",47.50818422508754,19.03290262651292,Járda,MEGOLDÁSRA VÁR,True
https://jarokelo.hu/bejelentesek/budapest/176357/tablahibak,Táblahibák,"Budapest, II. kerület, Margit körút 48",47.511055836296975,19.032606242375184,Forgalomtechnika,MEGOLDÁSRA VÁR,True
https://jarokelo.hu/bejelentesek/budapest/176355/2-jardahiba-forgalmas-zebra-mellett,"2 járdahiba, forgalmas zebra mellett","Budapest, II. kerület, Mechwart tér 48",47.51090727730166,19.032332657063726,Járda,MEGOLDÁSRA VÁR,True
https://jarokelo.hu/bejelentesek/budapest/176199/kidobott-iroasztal,Kidobott íróasztal,"Budapest, XI. kerület, Újbuda, Bártfai u. 50",47.466275,19.035618,Köztisztaság,VÁLASZRA VÁR,False
https://jarokelo.hu/bejelentesek/budapest/176042/egy-nagyon-rozsdas-kozmuszekreny,Egy nagyon rozsdás közműszekrény,"Budapest, X. kerület, Kőbánya, Gergely utca",47.46864,19.15533,Közművek,VÁLASZRA VÁR,False
https://jarokelo.hu/bejelentesek/budapest/175892/lezaras-elemei-szanaszet,Lezárás elemei szanaszét,"Budapest, II. kerület, Dog park",47.5167654167974,19.03938716420926,Forgalomtechnika,MEGOLDÁSRA VÁR,True
https://jarokelo.hu/bejelentesek/budapest/175890/firkas-megallo,Firkás megálló,"Budapest, III. kerület, Óbuda-Békásmegyer, Rómaifürdő",47.57550665803497,19.04858810685801,Graffiti,VÁLASZRA VÁR,False
https://jarokelo.hu/bejelentesek/budapest/175888/graffitis-fal-szemet,Graffitis fal + szemét,"Budapest, II. kerület, Margit körút 68",47.50834706327642,19.02768353625269,Graffiti,MEGOLDOTT,False
https://jarokelo.hu/bejelentesek/budapest/175887/kidolt-csokorlat,Kidőlt csőkorlát,"Budapest, II. kerület, Jurányi u. 1",47.50797881647685,19.030057961774716,Forgalomtechnika,MEGOLDOTT,False
https://jarokelo.hu/bejelentesek/budapest/175786/belogo-bokor-1parkolo,Belógó bokor - -1parkoló,"Budapest, III. kerület, Óbuda-Békásmegyer, Gyűrű u. 12",47.598865645565766,19.06011279330968,Parkok és zöldterületek,VÁLASZRA VÁR,False
https://jarokelo.hu/bejelentesek/budapest/175785/leszakadt-szemetes,Leszakadt szemetes,"Budapest, III. kerület, Óbuda-Békásmegyer, Juhász Gyula u. 8",47.59710563972717,19.06168513499567,Köztisztaság,MEGOLDOTT,False
https://jarokelo.hu/bejelentesek/budapest/175784/zoldhulladek,Zöldhulladék,"Budapest, III. kerület, Óbuda-Békásmegyer, Gyűrű u. 6",47.5992936639615,19.05981473869695,Köztisztaság,MEGOLDOTT,False
https://jarokelo.hu/bejelentesek/budapest/175783/sullyedt-fedlap-repedezett-ut,"Süllyedt fedlap, repedezett út","Budapest, III. kerület, Óbuda-Békásmegyer, Gyűrű u. 6",47.59919328410516,19.059797974891968,Kátyú,VÁLASZRA VÁR,False
https://jarokelo.hu/bejelentesek/budapest/175782/kornyezetszennyezes-kifolyt-vegyszer,Környezetszennyezés - kifolyt vegyszer,"Budapest, III. kerület, Óbuda-Békásmegyer, Gyűrű u. 8",47.599189666808805,19.060085641801138,Köztisztaság,VÁLASZRA VÁR,False
https://jarokelo.hu/bejelentesek/budapest/175780/rengeteg-leszakadt-ag-nem-lehet-parkolni,Rengeteg leszakadt ág – nem lehet parkolni,"Budapest, III. kerület, Óbuda-Békásmegyer, Gyűrű u. 8",47.599177910595444,19.060084300701256,Parkok és zöldterületek,MEGOLDOTT,False
https://jarokelo.hu/bejelentesek/budapest/175778/kiszaradt-fa,Kiszáradt fa,"Budapest, III. kerület, Óbuda-Békásmegyer, Békásmegyer",47.59836220383086,19.05774943774709,Parkok és zöldterületek,MEGOLDÁSRA VÁR,True
https://jarokelo.hu/bejelentesek/budapest/175454/hianyzo-utcanevtablak,Hiányzó utcanévtáblák,"Budapest, V. kerület, Belváros-Lipótváros, Honvéd u. 6",47.50612810949258,19.049914708961126,Egyéb,MEGOLDÁSRA VÁR,True
https://jarokelo.hu/bejelentesek/budapest/175453/rongalt-telefonfulke,Rongált telefonfülke,"Budapest, V. kerület, Belváros-Lipótváros, Báthory utca 8 05",47.50610751099031,19.050230870892122,Graffiti,MEGOLDOTT,False
https://jarokelo.hu/bejelentesek/budapest/175451/ideiglenes-tabla,Ideiglenes tábla,"Budapest, I. kerület, Várkerület, Gyorskocsi u. 3",47.50686545433729,19.037261704463774,Forgalomtechnika,MEGOLDÁSRA VÁR,True
https://jarokelo.hu/bejelentesek/budapest/175448/kidolt-csokorlat,Kidőlt csőkorlát,"Budapest, II. kerület, Bem rkp. 30",47.507622796813635,19.03931359426715,Forgalomtechnika,MEGOLDÁSRA VÁR,True
https://jarokelo.hu/bejelentesek/budapest/175255/elforditott-tabla,Elfordított tábla,"Budapest, XII. kerület, Hegyvidék, Hegyalja út 68",47.4870051,19.0239497,Forgalomtechnika,MEGERŐSÍTÉSRE VÁR,False
https://jarokelo.hu/bejelentesek/budapest/174543/zoldhulladek-domb-eldobalt-deszkak,"Zöldhulladék domb, eldobált deszkák","Budapest, III. kerület, Óbuda-Békásmegyer, Gyűrű u. 16",47.59901425159135,19.06068339227715,Köztisztaság,VÁLASZRA VÁR,False
https://jarokelo.hu/bejelentesek/budapest/174542/gyanus-gepjarmu-olajszivargassal,Gyanús gépjármű olajszivárgással,"Budapest, III. kerület, Óbuda-Békásmegyer, Gyűrű u. 12",47.598839716189374,19.06015767932209,Elhagyott jármű,MEGOLDÁSRA VÁR,True
https://jarokelo.hu/bejelentesek/budapest/178676/szemet-az-aluljaro-elott,Szemét az aluljáró előtt,"Budapest, VI. kerület, Terézváros, Dózsa György út 112",47.51777694895712,19.07303771131485,Köztisztaság,MEGOLDOTT,False
https://jarokelo.hu/bejelentesek/budapest/178673/buzlo-szemet-a-bokorban,Bűzlő szemét a bokorban,"Budapest, VI. kerület, Terézváros, Honvédkórház (Hősök tere M)",47.51706861684737,19.072619642583906,Köztisztaság,VÁLASZRA VÁR,False
https://jarokelo.hu/bejelentesek/budapest/178670/jardahiba-a-fedlap-mellett,Járdahiba a fedlap mellett,"Budapest, VI. kerület, Terézváros, Podmaniczky u. 113",47.51696173913005,19.07235410387693,Járda,MEGOLDOTT,False
https://jarokelo.hu/bejelentesek/budapest/178665/rongalt-tabla,Rongált tábla,"Budapest, XIII. kerület, Váci út 29",47.52436130068655,19.06377470670329,Graffiti,VÁLASZRA VÁR,False
https://jarokelo.hu/bejelentesek/budapest/178663/szemet,Szemét,"Budapest, XIII. kerület, Vágány utca / Dózsa György út",47.519155066168445,19.07187421452999,Köztisztaság,MEGOLDOTT,False
https://jarokelo.hu/bejelentesek/budapest/178662/rossz-az-ut-a-zebranal,Rossz az út a zebránál,"Budapest, XIII. kerület, Dózsa György út 128",47.51956172679936,19.071255965332785,Kátyú,VÁLASZRA VÁR,False
https://jarokelo.hu/bejelentesek/budapest/178660/szemet-a-hid-alatt,Szemét a híd alatt,"Budapest, III. kerület, Óbuda-Békásmegyer, Szentlélek tér H",47.539175960125455,19.046946981436715,Köztisztaság,MEGOLDOTT,False
https://jarokelo.hu/bejelentesek/budapest/178618/tabla-a-kidoles-szelen,Tábla a kidőlés szélén,"Budapest, X. kerület, Kőbánya, Szellőrózsa u. 20",47.483455796828636,19.199962646283,Egyéb,VÁLASZRA VÁR,False
https://jarokelo.hu/bejelentesek/budapest/178617/rengeteg-szemet,Rengeteg szemét,"Budapest, X. kerület, Kőbánya, Zöldpálya u. 20",47.48321471448401,19.200067252426088,Köztisztaság,VÁLASZRA VÁR,False
https://jarokelo.hu/bejelentesek/budapest/178616/aluljaro-padlozata,Aluljáró padlózata,"Budapest, III. kerület, Óbuda-Békásmegyer, Békásmegyer H",47.59810539505405,19.055707894740237,Közösségi közlekedés,MEGOLDÁSRA VÁR,True
https://jarokelo.hu/bejelentesek/budapest/178614/hol-vannak-a-biciklik,Hol vannak a biciklik?,"Budapest, XI. kerület, Újbuda, Tas vezér utca",47.47857742406915,19.040921676780094,Közösségi közlekedés,VÁLASZRA VÁR,False
https://jarokelo.hu/bejelentesek/budapest/178612/durvan-firkas-megallo,Durván firkás megálló,"Budapest, III. kerület, Óbuda-Békásmegyer, Aquincum",47.567435495795095,19.04865756824771,Graffiti,VÁLASZRA VÁR,False
https://jarokelo.hu/bejelentesek/budapest/178611/buszobol-vagy-ugratok,Buszöböl vagy ugratók?,"Budapest, III. kerület, Óbuda-Békásmegyer, Budapest",47.54179972658984,19.039057952685077,Kátyú,VÁLASZRA VÁR,False
https://jarokelo.hu/bejelentesek/budapest/178610/jardahiba,Járdahiba,"Budapest, III. kerület, Óbuda-Békásmegyer, Budapest",47.54178343090888,19.03907136372906,Járda,VÁLASZRA VÁR,False
https://jarokelo.hu/bejelentesek/budapest/178609/repedezett-az-ut-a-fedlap-korul,Repedezett az út a fedlap körül,"Budapest, III. kerület, Óbuda-Békásmegyer, Budapest",47.54207494177433,19.038772297404837,Közművek,VÁLASZRA VÁR,False
https://jarokelo.hu/bejelentesek/budapest/178588/egy-nagyon-balesetveszelyes-aknafedel,Egy nagyon balesetveszélyes aknafedél,"Budapest, X. kerület, Kőbánya, Akna u. 2",47.481618,19.162511,Közművek,VÁLASZRA VÁR,False
https://jarokelo.hu/bejelentesek/budapest/178284/szamhaboruzos-tabla,Számháborúzós tábla,"Budapest, XXI. kerület, Csepel, Templom u. 32",47.4329271,19.0691808,Forgalomtechnika,MEGOLDÁSRA VÁR,True
https://jarokelo.hu/bejelentesek/budapest/178210/rongalt-elektromos-doboz,Rongált elektromos doboz,"Budapest, XI. kerület, Újbuda, Villányi út 16",47.47837841615283,19.04165316524296,Graffiti,MEGOLDOTT,False
https://jarokelo.hu/bejelentesek/budapest/178208/rongalt-biciklis-pont,Rongált biciklis pont,"Budapest, XI. kerület, Újbuda, Tas vezér utca",47.478573293970655,19.040928968831597,Graffiti,VÁLASZRA VÁR,False
https://jarokelo.hu/bejelentesek/budapest/178207/botlasveszelyes-jarda,Botlásveszélyes járda,"Budapest, II. kerület, Szépvölgyi út 6",47.527393224442726,19.038184841355154,Járda,MEGOLDÁSRA VÁR,True
https://jarokelo.hu/bejelentesek/budapest/178203/rongalt-parkoloautomata,Rongált parkolóautomata,"Budapest, XIII. kerület, Váci út 18",47.51327204567784,19.057619267639016,Egyéb,VÁLASZRA VÁR,False
https://jarokelo.hu/bejelentesek/budapest/178202/kivagott-fa-helye,Kivágott fa helye,"Budapest, XIII. kerület, Váci út 18",47.51325936436443,19.057605856595032,Parkok és zöldterületek,VÁLASZRA VÁR,False
https://jarokelo.hu/bejelentesek/budapest/178201/pocsek-minosegu-ut,Pocsék minőségű út,"Budapest, XIII. kerület, Váci út 18",47.51353291773116,19.057925039441876,Kátyú,VÁLASZRA VÁR,False
https://jarokelo.hu/bejelentesek/budapest/178200/egyenetlen-fedlapok,Egyenetlen fedlapok,"Budapest, XIII. kerület, Váci út 18",47.513346321880626,19.05767827623255,Közművek,MEGOLDÁSRA VÁR,True
https://jarokelo.hu/bejelentesek/budapest/178199/rongalt-szekreny,Rongált szekrény,"Budapest, XIII. kerület, Váci út 18",47.513337263812744,19.05767827623255,Graffiti,MEGOLDOTT,False
https://jarokelo.hu/bejelentesek/budapest/178010/megsullyedt-vasuti-atkelo,Megsüllyedt vasúti átkelő,"Budapest, XV. kerület, Késmárk u 11-13",47.530753,19.146929,Kátyú,VÁLASZRA VÁR,False
https://jarokelo.hu/bejelentesek/budapest/177445/vizfolyas,Vízfolyás,"Budapest, XIV. kerület, Zugló, Fűrész u. 31a",47.52019,19.11973,Közművek,MEGOLDOTT,False
https://jarokelo.hu/bejelentesek/budapest/177437/hianyzo-esocsatorna,Hiányzó esőcsatorna,"Budapest, XI. kerület, Újbuda, Kutyafuttató",47.4701378,19.0530669,Közművek,VÁLASZRA VÁR,False
https://jarokelo.hu/bejelentesek/budapest/177429/punkosdfurdoi-gat-parkvilagitas,"Pünkösdfürdői gát, parkvilágítás","Budapest, III. kerület, Óbuda-Békásmegyer, Kossuth Lajos üdülőpart 131",47.599867,19.070384,Közvilágítás,MEGOLDOTT,False
https://jarokelo.hu/bejelentesek/budapest/177167/buszsav-de-miert-is,"Buszsáv, de miért is?","Budapest, III. kerület, Óbuda-Békásmegyer, Czetz János köz",47.57776120472792,19.048891196166274,Forgalomtechnika,MEGOLDÁSRA VÁR,True
https://jarokelo.hu/bejelentesek/budapest/177164/elhagyott-bicikli-illegalis-reklam,Elhagyott bicikli / illegális reklám,"Budapest, XIII. kerület, Katona József u 1",47.51218128007671,19.056648251835863,Kerékpározás,VÁLASZRA VÁR,False
https://jarokelo.hu/bejelentesek/budapest/177163/csatornafedel-allapota,Csatornafedél állapota,"Budapest, XIII. kerület, Katona József u 1",47.5120454058779,19.05677565675372,Közművek,VÁLASZRA VÁR,False
https://jarokelo.hu/bejelentesek/budapest/177161/mehlegelo,Méhlegelő??!!??!!,"Budapest, II. kerület, 0205-Császár - Komjádi Uszoda",47.519059545979374,19.038862936490887,Parkok és zöldterületek,MEGOLDOTT,False
https://jarokelo.hu/bejelentesek/budapest/177157/rongalt-szekreny,Rongált szekrény,"Budapest, XII. kerület, Hegyvidék, Alkotás u. 44",47.49223967205191,19.024314741466295,Graffiti,MEGOLDÁSRA VÁR,True
https://jarokelo.hu/bejelentesek/budapest/177155/gyalazkodo-graffiti,Gyalázkodó graffiti,"Budapest, XII. kerület, Hegyvidék, Alkotás u. 44",47.49301987947731,19.024231592970928,Graffiti,MEGOLDOTT,False
https://jarokelo.hu/bejelentesek/budapest/177153/reklam-auto-a-jardan,Reklám autó a járdán,"Budapest, I. kerület, Várkerület, Márvány u. 15",47.49510762490649,19.023907716231335,Parkolás,MEGOLDOTT,False
https://jarokelo.hu/bejelentesek/budapest/177152/fedlaphiba-a-jardan,Fedlaphiba a járdán,"Budapest, I. kerület, Várkerület, Márvány u. 15",47.49533324867367,19.02387687082924,Közművek,MEGOLDÁSRA VÁR,True
https://jarokelo.hu/bejelentesek/budapest/177151/allandoan-ures-bicikli-pont,Állandóan üres bicikli pont,"Budapest, I. kerület, Várkerület, Királyhágó utca",47.495298363133806,19.023872176962648,Kerékpározás,MEGOLDOTT,False
https://jarokelo.hu/bejelentesek/budapest/176655/utjavitas,Útjavítás,"Budapest, III. kerület, Óbuda-Békásmegyer, Szentlélek tér H",47.53936608555423,19.04523975542758,Kátyú,MEGOLDÁSRA VÁR,True
https://jarokelo.hu/bejelentesek/budapest/176654/undoritoan-koszos-megallo,Undorítóan koszos megálló,"Budapest, III. kerület, Óbuda-Békásmegyer, Szentlélek tér H",47.53945481051622,19.04572121190937,Köztisztaság,MEGOLDATLAN,False
https://jarokelo.hu/bejelentesek/budapest/176653/rongalt-lampa-es-oszlop,Rongált lámpa és oszlop,"Budapest, II. kerület, Margit körút 3",47.51456506574744,19.038229658677626,Graffiti,MEGOLDÁSRA VÁR,True
https://jarokelo.hu/bejelentesek/budapest/176651/rongalt-utkozok,Rongált ütközők,"Budapest, XIII. kerület, Lehel tér M",47.51730414510509,19.060708942522364,Graffiti,MEGOLDATLAN,False
https://jarokelo.hu/bejelentesek/budapest/176650/ut-tisztitasa-fal-megerositese,"Út tisztítása, fal megerősítése","Budapest, II. kerület, Kolozsvári Tamás u. 4/A",47.52559390859452,19.034872436862145,Köztisztaság,VÁLASZRA VÁR,False
https://jarokelo.hu/bejelentesek/budapest/176649/rengeteg-szemet,Rengeteg szemét,"Budapest, II. kerület, Ürömi u. 2",47.52475169820816,19.035292202567973,Köztisztaság,MEGERŐSÍTÉSRE VÁR,False
https://jarokelo.hu/bejelentesek/budapest/176648/hianyos-fedlap,Hiányos fedlap,"Budapest, II. kerület, Alsó Zöldmáli út 1",47.524464619091084,19.03650657267445,Közművek,MEGOLDOTT,False
https://jarokelo.hu/bejelentesek/budapest/176647/rossz-allapotu-fedlap,Rossz állapotú fedlap,"Budapest, II. kerület, Alsó Zöldmáli út 1",47.52433466320665,19.036524677585625,Közművek,MEGOLDOTT,False
https://jarokelo.hu/bejelentesek/budapest/176646/korlat-a-kidoles-szelen,Korlát a kidőlés szélén,"Budapest, II. kerület, Darázs u. 3",47.52382514807081,19.035705916551482,Forgalomtechnika,MEGOLDÁSRA VÁR,True
https://jarokelo.hu/bejelentesek/budapest/176645/erdos-resz-allapota,Erdős rész állapota,"Budapest, II. kerület, Darázs u. 3",47.523921144319985,19.035630814705165,Parkok és zöldterületek,VÁLASZRA VÁR,False
https://jarokelo.hu/bejelentesek/budapest/176644/jardat-elfoglalo-fa,Járdát elfoglaló fa,"Budapest, II. kerület, Zsigmond tér 13",47.523903031833825,19.036438159563644,Parkok és zöldterületek,VÁLASZRA VÁR,False
https://jarokelo.hu/bejelentesek/budapest/179937/olajfolt,Olajfolt,"Budapest, IV. kerület, Újpest, Bőrfestő u. 5",47.5885901,19.1151518,Köztisztaság,MEGOLDOTT,False
https://jarokelo.hu/bejelentesek/budapest/179684/rengeteg-szemet-kozteruleten,Rengeteg szemét közterületen,"Budapest, III. kerület, Óbuda-Békásmegyer, Kőbánya u. 21",47.59871497417924,19.042516451565888,Köztisztaság,VÁLASZRA VÁR,False
https://jarokelo.hu/bejelentesek/budapest/179683/tormelek-a-fak-toveben,Törmelék a fák tövében,"Budapest, VI. kerület, Terézváros, Podmaniczky u. 111",47.51670859697697,19.0718306240214,Köztisztaság,VÁLASZRA VÁR,False
https://jarokelo.hu/bejelentesek/budapest/179682/rongalt-parkoloautomata,Rongált parkolóautomata,"Budapest, VI. kerület, Terézváros, Rippl Rónai utca 42",47.5164803478094,19.071436339344025,Parkolás,MEGOLDOTT,False
https://jarokelo.hu/bejelentesek/budapest/179681/koszos-metromegallo,Koszos metrómegálló,"Budapest, V. kerület, Belváros-Lipótváros, Astoria",47.49417530355948,19.0598655425649,Graffiti,VÁLASZRA VÁR,False
https://jarokelo.hu/bejelentesek/budapest/179679/koszos-aluljaro,Koszos aluljáró,"Budapest, I. kerület, Várkerület, Batthyány tér M+H",47.50618494019224,19.039445275407495,Köztisztaság,VÁLASZRA VÁR,False
https://jarokelo.hu/bejelentesek/budapest/179674/hol-vannak-a-biciklik,Hol vannak a biciklik?,"Budapest, II. kerület, 0209-Margit körút - Tölgyfa utca",47.514082833208924,19.03684286400518,Kerékpározás,VÁLASZRA VÁR,False
https://jarokelo.hu/bejelentesek/budapest/179672/tabla-a-kidoles-szelen,Tábla a kidőlés szélén,"Budapest, II. kerület, Árpád fejedelem útja",47.51532825893145,19.03979205949428,Forgalomtechnika,MEGOLDÁSRA VÁR,True
https://jarokelo.hu/bejelentesek/budapest/179429/sebesseg-tabla-kerdes-es-veszelyes-pontok,Sebesség tábla kérdés és veszélyes pontok,"Budapest, IX. kerület, Ferencváros, Kvassay Jenő út 3",47.446334,19.071767,Forgalomtechnika,VÁLASZRA VÁR,False
https://jarokelo.hu/bejelentesek/budapest/179390/szemetes-osveny-kiserdoben,Szemetes ösvény kiserdőben,"Budapest, X. kerület, Kőbánya, Ceglédi út 30",47.46310171,19.1242796,Köztisztaság,MEGOLDOTT,False
https://jarokelo.hu/bejelentesek/budapest/178811/hulladek,Hulladék,"Budapest, III. kerület, Óbuda-Békásmegyer, Gyűrű u. 24",47.59830618921884,19.06127140450354,Köztisztaság,VÁLASZRA VÁR,False
https://jarokelo.hu/bejelentesek/budapest/178810/elhagyatott-tabla,Elhagyatott tábla,"Budapest, III. kerület, Óbuda-Békásmegyer, Királyok útja 265",47.59423377852321,19.066886682883954,Egyéb,VÁLASZRA VÁR,False
https://jarokelo.hu/bejelentesek/budapest/178809/tonkretett-park,Tönkretett park,"Budapest, III. kerület, Óbuda-Békásmegyer, Füst Milán u. 10",47.59922179424571,19.058249287636194,Parkok és zöldterületek,VÁLASZRA VÁR,False
https://jarokelo.hu/bejelentesek/budapest/178808/aluljaro-rossz-allapota,Aluljáró rossz állapota,"Budapest, III. kerület, Óbuda-Békásmegyer, Békásmegyer H",47.59815196870147,19.055750809966263,Köztisztaság,VÁLASZRA VÁR,False
https://jarokelo.hu/bejelentesek/budapest/178807/tabla-a-kidoles-szelen,Tábla a kidőlés szélén,"Budapest, III. kerület, Óbuda-Békásmegyer, Heltai Jenő tér 7",47.598641215385165,19.056330167099976,Forgalomtechnika,MEGOLDÁSRA VÁR,True
https://jarokelo.hu/bejelentesek/budapest/178806/kidolt-fatamasztek,Kidőlt fatámaszték,"Budapest, III. kerület, Óbuda-Békásmegyer, Madzsar József u. 2",47.59896587009067,19.056795530363306,Parkok és zöldterületek,VÁLASZRA VÁR,False
https://jarokelo.hu/bejelentesek/budapest/178805/gyanus-jarmu-3,Gyanús jármű 3.,"Budapest, III. kerület, Óbuda-Békásmegyer, Füst Milán u. 1",47.598927888304395,19.05956893447567,Elhagyott jármű,MEGOLDÁSRA VÁR,True
https://jarokelo.hu/bejelentesek/budapest/178804/gyanus-jarmu-2,Gyanús jármű 2.,"Budapest, III. kerület, Óbuda-Békásmegyer, Füst Milán u. 2",47.59856796432331,19.058445759449057,Elhagyott jármű,VÁLASZRA VÁR,False
https://jarokelo.hu/bejelentesek/budapest/178803/lomis-tabla-a-faban,Lomis tábla a fában,"Budapest, III. kerület, Óbuda-Békásmegyer, Füst Milán u. 6",47.59876375242472,19.058562435544694,Köztisztaság,VÁLASZRA VÁR,False
https://jarokelo.hu/bejelentesek/budapest/178802/gyanus-jarmu-1,Gyanús jármű 1.,"Budapest, III. kerület, Óbuda-Békásmegyer, Füst Milán u. 8",47.59900746915208,19.058713309761472,Elhagyott jármű,VÁLASZRA VÁR,False
